customerid,cardnumber,cvvno,authfactor,cardtype,currencyid,issuemonth,issueyear,validuptomonth,validuptoyear,creditlimit,cashlimit,cardstatusid
1,5212345678900001,303,MA955859,2,1,11,2014,11,2020,13154.0,1315.4,1
2,5212345678900002,867,VI367027,1,1,5,2014,5,2017,18762.0,1876.2,1
3,5212345678900003,194,VI555521,1,1,5,2014,5,2019,9992.0,999.2,1
4,5212345678900004,649,VI295060,1,1,6,2014,6,2020,45594.0,4559.4,1
5,5212345678900005,332,AM881931,3,1,9,2014,9,2017,29948.0,2994.8,1
6,5212345678900006,171,VI793225,1,1,6,2014,6,2019,38628.0,3862.8,1
7,5212345678900007,154,MA292362,2,1,2,2014,2,2018,36128.0,3612.8,1
8,5212345678900008,733,VI674336,1,1,9,2014,9,2020,7474.0,747.4,1
9,5212345678900009,240,MA895574,2,1,4,2014,4,2019,15332.0,1533.2,1
10,5212345678900010,363,VI125324,1,1,1,2014,1,2018,30422.0,3042.2,1
11,5212345678900011,780,MA187697,2,1,5,2014,5,2018,46820.0,4682.0,1
12,5212345678900012,230,MA491298,2,1,2,2014,2,2017,39348.0,3934.8,1
13,5212345678900013,521,VI460885,1,1,12,2014,12,2020,33356.0,3335.6,1
14,5212345678900014,841,VI848924,1,1,3,2014,3,2020,19782.0,1978.2,1
15,5212345678900015,116,MA704251,2,1,7,2014,7,2018,43226.0,4322.6,1
16,5212345678900016,199,VI245140,1,1,1,2014,1,2019,17762.0,1776.2,1
17,5212345678900017,825,VI378319,1,1,6,2014,6,2020,29228.0,2922.8,1
18,5212345678900018,355,MA388032,2,1,2,2014,2,2017,35432.0,3543.2,1
19,5212345678900019,657,VI889113,1,1,9,2014,9,2019,14432.0,1443.2,1
20,5212345678900020,250,MA270768,2,1,10,2014,10,2020,60670.0,6067.0,1
21,5212345678900021,360,VI543332,1,1,1,2014,1,2019,30248.0,3024.8,1
22,5212345678900022,772,AM700813,3,1,12,2014,12,2019,47998.0,4799.8,1
23,5212345678900023,123,MA348930,2,1,3,2014,3,2020,43624.0,4362.4,1
24,5212345678900024,156,MA656063,2,1,12,2014,12,2020,20254.0,2025.4,1
25,5212345678900025,831,MA588369,2,1,1,2014,1,2019,26936.0,2693.6,1
26,5212345678900026,865,MA598145,2,1,8,2014,8,2018,49922.0,4992.2,1
27,5212345678900027,504,VI641541,1,1,5,2014,5,2020,60306.0,6030.6,1
28,5212345678900028,515,MA296701,2,1,5,2014,5,2018,33942.0,3394.2,1
29,5212345678900029,146,VI433738,1,1,10,2014,10,2020,16134.0,1613.4,1
30,5212345678900030,342,MA883691,2,1,10,2014,10,2017,32604.0,3260.4,1
31,5212345678900031,387,MA213427,2,1,8,2014,8,2018,48976.0,4897.6,1
32,5212345678900032,965,VI892520,1,1,12,2014,12,2018,56336.0,5633.6,1
33,5212345678900033,706,VI754930,1,1,10,2014,10,2018,23414.0,2341.4,1
34,5212345678900034,817,MA615429,2,1,10,2014,10,2018,65182.0,6518.2,1
35,5212345678900035,442,MA158554,2,1,11,2014,11,2019,15640.0,1564.0,1
36,5212345678900036,549,VI902462,1,1,8,2014,8,2017,54138.0,5413.8,1
37,5212345678900037,379,MA905042,2,1,3,2014,3,2019,18038.0,1803.8,1
38,5212345678900038,686,VI522255,1,1,8,2014,8,2018,56032.0,5603.2,1
39,5212345678900039,752,VI827201,1,1,1,2014,1,2017,32334.0,3233.4,1
40,5212345678900040,461,MA381699,2,1,7,2014,7,2019,61062.0,6106.2,1
41,5212345678900041,867,MA576008,2,1,3,2014,3,2019,16826.0,1682.6,1
42,5212345678900042,890,AM214391,3,1,9,2014,9,2019,16762.0,1676.2,1
43,5212345678900043,606,VI691355,1,1,8,2014,8,2018,15658.0,1565.8,1
44,5212345678900044,831,VI387865,1,1,7,2014,7,2018,36620.0,3662.0,1
45,5212345678900045,623,MA391405,2,1,4,2014,4,2019,49408.0,4940.8,1
46,5212345678900046,858,VI319389,1,1,10,2014,10,2019,43372.0,4337.2,1
47,5212345678900047,889,AM963111,3,1,1,2014,1,2017,65064.0,6506.4,1
48,5212345678900048,468,VI292014,1,1,3,2014,3,2018,42684.0,4268.4,1
49,5212345678900049,754,MA710049,2,1,1,2014,1,2018,8102.0,810.2,1
50,5212345678900050,940,VI822676,1,1,3,2014,3,2020,20234.0,2023.4,1
51,5212345678900051,247,VI618830,1,1,11,2014,11,2019,55698.0,5569.8,1
52,5212345678900052,377,VI653484,1,1,2,2014,2,2019,18210.0,1821.0,1
53,5212345678900053,913,MA833596,2,1,9,2014,9,2017,59792.0,5979.2,1
54,5212345678900054,355,VI893967,1,1,6,2014,6,2020,28302.0,2830.2,1
55,5212345678900055,951,VI164820,1,1,1,2014,1,2018,61040.0,6104.0,1
56,5212345678900056,602,VI483958,1,1,9,2014,9,2020,40486.0,4048.6,1
57,5212345678900057,667,VI440783,1,1,10,2014,10,2017,53010.0,5301.0,1
58,5212345678900058,215,MA373220,2,1,10,2014,10,2019,36082.0,3608.2,1
59,5212345678900059,567,VI545531,1,1,5,2014,5,2017,65130.0,6513.0,1
60,5212345678900060,530,VI798612,1,1,1,2014,1,2019,28708.0,2870.8,1
61,5212345678900061,844,VI543645,1,1,2,2014,2,2018,45080.0,4508.0,1
62,5212345678900062,979,MA383140,2,1,10,2014,10,2019,43368.0,4336.8,1
63,5212345678900063,276,VI535767,1,1,5,2014,5,2020,44594.0,4459.4,1
64,5212345678900064,662,MA786740,2,1,11,2014,11,2018,52596.0,5259.6,1
65,5212345678900065,484,AM692764,3,1,4,2014,4,2018,36076.0,3607.6,1
66,5212345678900066,815,MA345602,2,1,12,2014,12,2019,54278.0,5427.8,1
67,5212345678900067,721,VI849160,1,1,8,2014,8,2019,55462.0,5546.2,1
68,5212345678900068,670,MA242762,2,1,5,2014,5,2018,56774.0,5677.4,1
69,5212345678900069,871,MA617429,2,1,9,2014,9,2020,47720.0,4772.0,1
70,5212345678900070,223,VI463673,1,1,4,2014,4,2020,9502.0,950.2,1
71,5212345678900071,148,VI149129,1,1,6,2014,6,2019,23116.0,2311.6,1
72,5212345678900072,927,MA762837,2,1,5,2014,5,2018,51112.0,5111.2,1
73,5212345678900073,640,VI694497,1,1,1,2014,1,2018,62122.0,6212.2,1
74,5212345678900074,888,MA419482,2,1,8,2014,8,2020,47346.0,4734.6,1
75,5212345678900075,756,MA322912,2,1,7,2014,7,2020,51676.0,5167.6,1
76,5212345678900076,728,VI495198,1,1,12,2014,12,2018,23222.0,2322.2,1
77,5212345678900077,535,VI310337,1,1,11,2014,11,2019,54922.0,5492.2,1
78,5212345678900078,794,VI459580,1,1,5,2014,5,2019,56842.0,5684.2,1
79,5212345678900079,184,AM440785,3,1,6,2014,6,2018,24106.0,2410.6,1
80,5212345678900080,835,MA327181,2,1,6,2014,6,2018,34372.0,3437.2,1
81,5212345678900081,759,VI518587,1,1,9,2014,9,2017,19662.0,1966.2,1
82,5212345678900082,973,VI265453,1,1,8,2014,8,2017,25468.0,2546.8,1
83,5212345678900083,375,MA603960,2,1,10,2014,10,2017,57282.0,5728.2,1
84,5212345678900084,600,VI424919,1,1,7,2014,7,2017,24972.0,2497.2,1
85,5212345678900085,122,VI915537,1,1,9,2014,9,2020,63356.0,6335.6,1
86,5212345678900086,395,MA589325,2,1,11,2014,11,2019,15322.0,1532.2,1
87,5212345678900087,638,MA570443,2,1,3,2014,3,2017,57536.0,5753.6,1
88,5212345678900088,229,VI847766,1,1,4,2014,4,2020,28878.0,2887.8,1
89,5212345678900089,486,VI133810,1,1,6,2014,6,2019,41912.0,4191.2,1
90,5212345678900090,108,MA692648,2,1,1,2014,1,2019,50906.0,5090.6,1
91,5212345678900091,320,VI164784,1,1,2,2014,2,2020,46432.0,4643.2,1
92,5212345678900092,472,MA962453,2,1,8,2014,8,2019,18602.0,1860.2,1
93,5212345678900093,381,VI634673,1,1,9,2014,9,2017,24454.0,2445.4,1
94,5212345678900094,882,AM142324,3,1,12,2014,12,2020,33780.0,3378.0,1
95,5212345678900095,299,MA983124,2,1,9,2014,9,2018,42292.0,4229.2,1
96,5212345678900096,511,VI110121,1,1,11,2014,11,2019,65244.0,6524.4,1
97,5212345678900097,412,VI545820,1,1,3,2014,3,2020,43420.0,4342.0,1
98,5212345678900098,733,VI538805,1,1,4,2014,4,2020,63734.0,6373.4,1
99,5212345678900099,214,VI593465,1,1,5,2014,5,2018,29604.0,2960.4,1
100,5212345678900100,569,VI721935,1,1,2,2014,2,2017,20564.0,2056.4,1
101,5212345678900101,609,VI836859,1,1,3,2014,3,2019,17962.0,1796.2,1
102,5212345678900102,981,VI932859,1,1,7,2014,7,2017,21576.0,2157.6,1
103,5212345678900103,204,VI935679,1,1,10,2014,10,2019,44316.0,4431.6,1
104,5212345678900104,833,VI489806,1,1,8,2014,8,2020,23526.0,2352.6,1
105,5212345678900105,149,VI993288,1,1,2,2014,2,2020,19360.0,1936.0,1
106,5212345678900106,894,VI568174,1,1,6,2014,6,2019,60758.0,6075.8,1
107,5212345678900107,727,VI964697,1,1,4,2014,4,2019,54272.0,5427.2,1
108,5212345678900108,908,VI221390,1,1,5,2014,5,2017,59580.0,5958.0,1
109,5212345678900109,673,VI617641,1,1,9,2014,9,2020,19420.0,1942.0,1
110,5212345678900110,233,VI132515,1,1,4,2014,4,2018,8906.0,890.6,1
111,5212345678900111,423,MA861332,2,1,4,2014,4,2020,58002.0,5800.2,1
112,5212345678900112,123,VI376829,1,1,1,2014,1,2020,51580.0,5158.0,1
113,5212345678900113,336,MA880952,2,1,12,2014,12,2018,21486.0,2148.6,1
114,5212345678900114,945,VI437037,1,1,7,2014,7,2020,23916.0,2391.6,1
115,5212345678900115,101,MA427510,2,1,2,2014,2,2017,21574.0,2157.4,1
116,5212345678900116,165,VI554241,1,1,6,2014,6,2017,40400.0,4040.0,1
117,5212345678900117,715,VI467884,1,1,11,2014,11,2020,24956.0,2495.6,1
118,5212345678900118,906,VI256059,1,1,5,2014,5,2020,63696.0,6369.6,1
119,5212345678900119,428,VI719586,1,1,3,2014,3,2018,26086.0,2608.6,1
120,5212345678900120,599,VI481631,1,1,4,2014,4,2017,12120.0,1212.0,1
121,5212345678900121,666,AM657549,3,1,5,2014,5,2017,29688.0,2968.8,1
122,5212345678900122,977,MA707550,2,1,10,2014,10,2018,7862.0,786.2,1
123,5212345678900123,763,VI214077,1,1,8,2014,8,2019,33344.0,3334.4,1
124,5212345678900124,611,AM468626,3,1,5,2014,5,2020,28268.0,2826.8,1
125,5212345678900125,406,MA243576,2,1,11,2014,11,2018,43910.0,4391.0,1
126,5212345678900126,203,MA337895,2,1,4,2014,4,2020,45670.0,4567.0,1
127,5212345678900127,484,AM207357,3,1,11,2014,11,2018,28842.0,2884.2,1
128,5212345678900128,697,MA781166,2,1,9,2014,9,2017,52336.0,5233.6,1
129,5212345678900129,447,VI735874,1,1,11,2014,11,2020,41890.0,4189.0,1
130,5212345678900130,248,AM696097,3,1,4,2014,4,2018,23456.0,2345.6,1
131,5212345678900131,459,VI365535,1,1,7,2014,7,2017,11966.0,1196.6,1
132,5212345678900132,114,MA684684,2,1,12,2014,12,2019,28038.0,2803.8,1
133,5212345678900133,325,VI618766,1,1,3,2014,3,2018,26436.0,2643.6,1
134,5212345678900134,405,MA374435,2,1,11,2014,11,2020,33626.0,3362.6,1
135,5212345678900135,849,MA157894,2,1,9,2014,9,2018,29014.0,2901.4,1
136,5212345678900136,939,VI532973,1,1,8,2014,8,2018,25912.0,2591.2,1
137,5212345678900137,737,VI940573,1,1,3,2014,3,2020,36912.0,3691.2,1
138,5212345678900138,672,VI597950,1,1,6,2014,6,2019,54378.0,5437.8,1
139,5212345678900139,724,VI431332,1,1,2,2014,2,2017,9886.0,988.6,1
140,5212345678900140,166,VI946432,1,1,9,2014,9,2019,15908.0,1590.8,1
141,5212345678900141,736,VI319860,1,1,4,2014,4,2017,44510.0,4451.0,1
142,5212345678900142,372,AM832836,3,1,11,2014,11,2020,50134.0,5013.4,1
143,5212345678900143,317,VI217205,1,1,7,2014,7,2018,58114.0,5811.4,1
144,5212345678900144,867,MA548852,2,1,11,2014,11,2018,55320.0,5532.0,1
145,5212345678900145,194,MA871418,2,1,10,2014,10,2018,28228.0,2822.8,1
146,5212345678900146,690,VI974838,1,1,4,2014,4,2018,51066.0,5106.6,1
147,5212345678900147,183,MA725095,2,1,4,2014,4,2018,30198.0,3019.8,1
148,5212345678900148,516,AM328628,3,1,2,2014,2,2020,56602.0,5660.2,1
149,5212345678900149,507,VI818090,1,1,3,2014,3,2017,36128.0,3612.8,1
150,5212345678900150,903,VI102636,1,1,2,2014,2,2018,29018.0,2901.8,1
151,5212345678900151,363,VI724280,1,1,11,2014,11,2019,53034.0,5303.4,1
152,5212345678900152,733,VI181724,1,1,2,2014,2,2017,61690.0,6169.0,1
153,5212345678900153,546,VI248566,1,1,1,2014,1,2017,65822.0,6582.2,1
154,5212345678900154,281,VI398659,1,1,6,2014,6,2018,23658.0,2365.8,1
155,5212345678900155,740,VI282352,1,1,3,2014,3,2018,22118.0,2211.8,1
156,5212345678900156,626,AM942188,3,1,2,2014,2,2019,10324.0,1032.4,1
157,5212345678900157,798,MA988509,2,1,8,2014,8,2018,36412.0,3641.2,1
158,5212345678900158,769,VI896390,1,1,1,2014,1,2017,7024.0,702.4,1
159,5212345678900159,667,VI711657,1,1,2,2014,2,2020,19346.0,1934.6,1
160,5212345678900160,209,AM749836,3,1,9,2014,9,2018,57460.0,5746.0,1
161,5212345678900161,466,MA813733,2,1,5,2014,5,2017,61272.0,6127.2,1
162,5212345678900162,858,MA329866,2,1,4,2014,4,2019,25476.0,2547.6,1
163,5212345678900163,510,VI309986,1,1,8,2014,8,2020,55552.0,5555.2,1
164,5212345678900164,528,VI931704,1,1,3,2014,3,2017,15564.0,1556.4,1
165,5212345678900165,212,VI772453,1,1,8,2014,8,2017,23732.0,2373.2,1
166,5212345678900166,439,MA580991,2,1,10,2014,10,2019,37708.0,3770.8,1
167,5212345678900167,995,MA219877,2,1,4,2014,4,2020,47104.0,4710.4,1
168,5212345678900168,109,VI347132,1,1,4,2014,4,2019,21790.0,2179.0,1
169,5212345678900169,879,VI730538,1,1,8,2014,8,2019,11518.0,1151.8,1
170,5212345678900170,781,VI598969,1,1,9,2014,9,2019,64014.0,6401.4,1
171,5212345678900171,632,VI894443,1,1,5,2014,5,2018,36170.0,3617.0,1
172,5212345678900172,675,VI186323,1,1,5,2014,5,2017,66340.0,6634.0,1
173,5212345678900173,219,VI613121,1,1,11,2014,11,2018,53160.0,5316.0,1
174,5212345678900174,437,VI722141,1,1,8,2014,8,2019,17348.0,1734.8,1
175,5212345678900175,469,VI732646,1,1,2,2014,2,2020,33560.0,3356.0,1
176,5212345678900176,255,VI886011,1,1,11,2014,11,2020,20860.0,2086.0,1
177,5212345678900177,136,AM353264,3,1,11,2014,11,2019,34826.0,3482.6,1
178,5212345678900178,562,MA324158,2,1,11,2014,11,2019,55476.0,5547.6,1
179,5212345678900179,729,VI596752,1,1,9,2014,9,2019,29086.0,2908.6,1
180,5212345678900180,212,VI612611,1,1,8,2014,8,2020,21736.0,2173.6,1
181,5212345678900181,118,AM927532,3,1,5,2014,5,2017,64342.0,6434.2,1
182,5212345678900182,374,VI241758,1,1,8,2014,8,2017,64772.0,6477.2,1
183,5212345678900183,420,VI381611,1,1,1,2014,1,2018,20792.0,2079.2,1
184,5212345678900184,518,MA394556,2,1,8,2014,8,2017,58662.0,5866.2,1
185,5212345678900185,836,MA217763,2,1,1,2014,1,2020,6842.0,684.2,1
186,5212345678900186,488,MA861788,2,1,10,2014,10,2017,7238.0,723.8,1
187,5212345678900187,547,MA716210,2,1,6,2014,6,2019,34186.0,3418.6,1
188,5212345678900188,565,VI326829,1,1,4,2014,4,2017,10436.0,1043.6,1
189,5212345678900189,947,MA206400,2,1,3,2014,3,2020,18824.0,1882.4,1
190,5212345678900190,637,MA410213,2,1,7,2014,7,2017,52368.0,5236.8,1
191,5212345678900191,887,VI396618,1,1,4,2014,4,2017,34800.0,3480.0,1
192,5212345678900192,445,VI110937,1,1,3,2014,3,2019,42766.0,4276.6,1
193,5212345678900193,264,VI766363,1,1,12,2014,12,2018,13308.0,1330.8,1
194,5212345678900194,428,VI294571,1,1,7,2014,7,2020,22772.0,2277.2,1
195,5212345678900195,109,VI307977,1,1,8,2014,8,2018,43682.0,4368.2,1
196,5212345678900196,130,VI760443,1,1,7,2014,7,2018,40858.0,4085.8,1
197,5212345678900197,634,VI313480,1,1,9,2014,9,2017,31108.0,3110.8,1
198,5212345678900198,429,VI770476,1,1,2,2014,2,2017,53862.0,5386.2,1
199,5212345678900199,607,MA212716,2,1,8,2014,8,2017,42040.0,4204.0,1
200,5212345678900200,411,VI960315,1,1,9,2014,9,2018,28934.0,2893.4,1
201,5212345678900201,594,MA861982,2,1,12,2014,12,2020,26638.0,2663.8,1
202,5212345678900202,251,MA913480,2,1,9,2014,9,2019,14724.0,1472.4,1
203,5212345678900203,691,VI390604,1,1,9,2014,9,2017,50606.0,5060.6,1
204,5212345678900204,206,VI389536,1,1,11,2014,11,2019,43740.0,4374.0,1
205,5212345678900205,857,MA695941,2,1,4,2014,4,2017,51976.0,5197.6,1
206,5212345678900206,318,VI257033,1,1,4,2014,4,2018,29042.0,2904.2,1
207,5212345678900207,692,VI780757,1,1,4,2014,4,2018,43792.0,4379.2,1
208,5212345678900208,365,VI512262,1,1,6,2014,6,2018,58870.0,5887.0,1
209,5212345678900209,862,VI199723,1,1,10,2014,10,2018,44562.0,4456.2,1
210,5212345678900210,168,VI399092,1,1,8,2014,8,2019,54638.0,5463.8,1
211,5212345678900211,805,VI911671,1,1,4,2014,4,2017,9950.0,995.0,1
212,5212345678900212,838,MA250277,2,1,2,2014,2,2018,33570.0,3357.0,1
213,5212345678900213,289,MA347906,2,1,2,2014,2,2019,36216.0,3621.6,1
214,5212345678900214,131,VI410371,1,1,8,2014,8,2019,15392.0,1539.2,1
215,5212345678900215,185,VI370751,1,1,11,2014,11,2019,25390.0,2539.0,1
216,5212345678900216,418,MA410711,2,1,6,2014,6,2018,52416.0,5241.6,1
217,5212345678900217,182,MA727267,2,1,7,2014,7,2020,26810.0,2681.0,1
218,5212345678900218,546,VI890183,1,1,12,2014,12,2018,23614.0,2361.4,1
219,5212345678900219,182,VI215211,1,1,9,2014,9,2017,59270.0,5927.0,1
220,5212345678900220,285,MA880458,2,1,11,2014,11,2020,55278.0,5527.8,1
221,5212345678900221,151,MA249098,2,1,11,2014,11,2019,56040.0,5604.0,1
222,5212345678900222,427,VI209779,1,1,1,2014,1,2017,12714.0,1271.4,1
223,5212345678900223,162,VI382770,1,1,7,2014,7,2018,24880.0,2488.0,1
224,5212345678900224,914,MA479099,2,1,2,2014,2,2017,11564.0,1156.4,1
225,5212345678900225,345,VI888930,1,1,2,2014,2,2018,51470.0,5147.0,1
226,5212345678900226,462,VI771620,1,1,9,2014,9,2019,44274.0,4427.4,1
227,5212345678900227,345,MA832617,2,1,6,2014,6,2019,23754.0,2375.4,1
228,5212345678900228,694,MA758804,2,1,12,2014,12,2019,30484.0,3048.4,1
229,5212345678900229,499,VI359716,1,1,2,2014,2,2018,46522.0,4652.2,1
230,5212345678900230,119,VI587121,1,1,2,2014,2,2018,60264.0,6026.4,1
231,5212345678900231,333,VI559207,1,1,2,2014,2,2018,38966.0,3896.6,1
232,5212345678900232,216,VI610584,1,1,2,2014,2,2020,10182.0,1018.2,1
233,5212345678900233,419,VI279303,1,1,9,2014,9,2019,48602.0,4860.2,1
234,5212345678900234,572,MA170391,2,1,8,2014,8,2018,26528.0,2652.8,1
235,5212345678900235,571,MA534339,2,1,10,2014,10,2020,27868.0,2786.8,1
236,5212345678900236,494,VI599512,1,1,4,2014,4,2020,11074.0,1107.4,1
237,5212345678900237,814,MA137423,2,1,7,2014,7,2017,43608.0,4360.8,1
238,5212345678900238,311,MA974814,2,1,11,2014,11,2018,64970.0,6497.0,1
239,5212345678900239,425,VI203552,1,1,1,2014,1,2017,61256.0,6125.6,1
240,5212345678900240,399,MA615027,2,1,3,2014,3,2020,8038.0,803.8,1
241,5212345678900241,289,VI382175,1,1,2,2014,2,2020,20316.0,2031.6,1
242,5212345678900242,930,VI721200,1,1,2,2014,2,2019,12372.0,1237.2,1
243,5212345678900243,516,VI132958,1,1,3,2014,3,2017,17320.0,1732.0,1
244,5212345678900244,609,VI390215,1,1,11,2014,11,2018,56676.0,5667.6,1
245,5212345678900245,166,VI984432,1,1,7,2014,7,2019,61446.0,6144.6,1
246,5212345678900246,955,MA324352,2,1,12,2014,12,2020,48182.0,4818.2,1
247,5212345678900247,442,VI221361,1,1,5,2014,5,2019,26018.0,2601.8,1
248,5212345678900248,913,AM554117,3,1,12,2014,12,2019,59980.0,5998.0,1
249,5212345678900249,436,MA304139,2,1,6,2014,6,2018,57018.0,5701.8,1
250,5212345678900250,798,MA722689,2,1,5,2014,5,2020,34060.0,3406.0,1
251,5212345678900251,521,VI970168,1,1,3,2014,3,2017,40990.0,4099.0,1
252,5212345678900252,405,MA911258,2,1,1,2014,1,2019,31754.0,3175.4,1
253,5212345678900253,938,AM892074,3,1,4,2014,4,2017,52442.0,5244.2,1
254,5212345678900254,288,AM149963,3,1,12,2014,12,2019,39542.0,3954.2,1
255,5212345678900255,634,MA773225,2,1,9,2014,9,2017,42954.0,4295.4,1
256,5212345678900256,215,VI513321,1,1,7,2014,7,2018,31410.0,3141.0,1
257,5212345678900257,565,VI479161,1,1,5,2014,5,2017,53766.0,5376.6,1
258,5212345678900258,947,VI479126,1,1,9,2014,9,2017,18408.0,1840.8,1
259,5212345678900259,543,MA497119,2,1,1,2014,1,2017,47522.0,4752.2,1
260,5212345678900260,153,MA390259,2,1,8,2014,8,2020,53058.0,5305.8,1
261,5212345678900261,597,MA386351,2,1,4,2014,4,2018,31932.0,3193.2,1
262,5212345678900262,297,VI111122,1,1,10,2014,10,2018,30410.0,3041.0,1
263,5212345678900263,369,AM779375,3,1,5,2014,5,2017,55980.0,5598.0,1
264,5212345678900264,160,VI257775,1,1,8,2014,8,2017,12258.0,1225.8,1
265,5212345678900265,941,MA769060,2,1,9,2014,9,2019,35706.0,3570.6,1
266,5212345678900266,769,MA527785,2,1,1,2014,1,2018,25730.0,2573.0,1
267,5212345678900267,781,MA615741,2,1,12,2014,12,2020,56848.0,5684.8,1
268,5212345678900268,752,MA317883,2,1,12,2014,12,2018,7706.0,770.6,1
269,5212345678900269,875,MA507167,2,1,10,2014,10,2019,64012.0,6401.2,1
270,5212345678900270,218,MA236254,2,1,4,2014,4,2017,49428.0,4942.8,1
271,5212345678900271,944,VI332661,1,1,6,2014,6,2019,9718.0,971.8,1
272,5212345678900272,454,VI741414,1,1,6,2014,6,2018,15932.0,1593.2,1
273,5212345678900273,871,MA357506,2,1,10,2014,10,2018,39536.0,3953.6,1
274,5212345678900274,494,VI506073,1,1,4,2014,4,2018,23698.0,2369.8,1
275,5212345678900275,229,VI652223,1,1,1,2014,1,2017,18142.0,1814.2,1
276,5212345678900276,685,VI696722,1,1,10,2014,10,2019,28622.0,2862.2,1
277,5212345678900277,786,MA544798,2,1,3,2014,3,2020,29274.0,2927.4,1
278,5212345678900278,607,AM124451,3,1,8,2014,8,2018,44336.0,4433.6,1
279,5212345678900279,687,AM359749,3,1,10,2014,10,2017,29294.0,2929.4,1
280,5212345678900280,475,MA883427,2,1,9,2014,9,2018,31324.0,3132.4,1
281,5212345678900281,953,VI124306,1,1,4,2014,4,2020,13738.0,1373.8,1
282,5212345678900282,203,VI239398,1,1,6,2014,6,2020,32356.0,3235.6,1
283,5212345678900283,920,VI115935,1,1,1,2014,1,2017,62002.0,6200.2,1
284,5212345678900284,291,MA991461,2,1,10,2014,10,2018,38764.0,3876.4,1
285,5212345678900285,351,VI596369,1,1,5,2014,5,2017,23858.0,2385.8,1
286,5212345678900286,342,MA343984,2,1,8,2014,8,2020,19186.0,1918.6,1
287,5212345678900287,862,MA162383,2,1,11,2014,11,2018,58880.0,5888.0,1
288,5212345678900288,472,VI851892,1,1,7,2014,7,2018,9618.0,961.8,1
289,5212345678900289,427,VI409743,1,1,7,2014,7,2018,31708.0,3170.8,1
290,5212345678900290,906,VI748268,1,1,9,2014,9,2017,57384.0,5738.4,1
291,5212345678900291,532,VI336972,1,1,2,2014,2,2020,49908.0,4990.8,1
292,5212345678900292,807,VI270484,1,1,3,2014,3,2020,8912.0,891.2,1
293,5212345678900293,753,MA130259,2,1,1,2014,1,2019,40200.0,4020.0,1
294,5212345678900294,758,MA329425,2,1,9,2014,9,2020,29646.0,2964.6,1
295,5212345678900295,455,AM150134,3,1,4,2014,4,2018,27430.0,2743.0,1
296,5212345678900296,979,VI709721,1,1,5,2014,5,2019,11316.0,1131.6,1
297,5212345678900297,180,VI656902,1,1,2,2014,2,2017,33740.0,3374.0,1
298,5212345678900298,681,VI429136,1,1,3,2014,3,2017,57584.0,5758.4,1
299,5212345678900299,196,AM309525,3,1,6,2014,6,2020,36252.0,3625.2,1
300,5212345678900300,428,MA422341,2,1,7,2014,7,2018,51710.0,5171.0,1
301,5212345678900301,335,MA169359,2,1,11,2014,11,2017,53802.0,5380.2,1
302,5212345678900302,116,VI934199,1,1,12,2014,12,2018,50594.0,5059.4,1
303,5212345678900303,599,VI468330,1,1,4,2014,4,2018,37596.0,3759.6,1
304,5212345678900304,819,VI146460,1,1,8,2014,8,2020,29828.0,2982.8,1
305,5212345678900305,161,VI446844,1,1,5,2014,5,2020,25102.0,2510.2,1
306,5212345678900306,177,VI852835,1,1,8,2014,8,2020,41640.0,4164.0,1
307,5212345678900307,982,VI731097,1,1,4,2014,4,2017,17448.0,1744.8,1
308,5212345678900308,596,VI174334,1,1,11,2014,11,2019,8926.0,892.6,1
309,5212345678900309,937,MA235943,2,1,9,2014,9,2020,23574.0,2357.4,1
310,5212345678900310,154,MA630637,2,1,7,2014,7,2018,13926.0,1392.6,1
311,5212345678900311,931,VI894858,1,1,9,2014,9,2018,22840.0,2284.0,1
312,5212345678900312,734,AM974944,3,1,4,2014,4,2018,34568.0,3456.8,1
313,5212345678900313,453,MA320575,2,1,1,2014,1,2018,46482.0,4648.2,1
314,5212345678900314,640,MA649928,2,1,4,2014,4,2020,28716.0,2871.6,1
315,5212345678900315,257,MA880586,2,1,8,2014,8,2019,64150.0,6415.0,1
316,5212345678900316,878,VI485976,1,1,1,2014,1,2020,7066.0,706.6,1
317,5212345678900317,693,VI285503,1,1,6,2014,6,2017,64988.0,6498.8,1
318,5212345678900318,112,VI996648,1,1,3,2014,3,2017,49608.0,4960.8,1
319,5212345678900319,251,VI901941,1,1,4,2014,4,2020,27210.0,2721.0,1
320,5212345678900320,670,VI752369,1,1,10,2014,10,2017,21326.0,2132.6,1
321,5212345678900321,450,VI994617,1,1,8,2014,8,2020,47194.0,4719.4,1
322,5212345678900322,483,MA133446,2,1,3,2014,3,2020,17024.0,1702.4,1
323,5212345678900323,287,MA910609,2,1,3,2014,3,2019,32716.0,3271.6,1
324,5212345678900324,160,AM350719,3,1,8,2014,8,2017,51730.0,5173.0,1
325,5212345678900325,346,AM960838,3,1,9,2014,9,2019,61668.0,6166.8,1
326,5212345678900326,923,MA607525,2,1,9,2014,9,2018,33656.0,3365.6,1
327,5212345678900327,781,VI516587,1,1,7,2014,7,2020,27874.0,2787.4,1
328,5212345678900328,870,VI640806,1,1,4,2014,4,2017,44208.0,4420.8,1
329,5212345678900329,366,VI927510,1,1,7,2014,7,2020,7132.0,713.2,1
330,5212345678900330,585,MA636131,2,1,2,2014,2,2018,53860.0,5386.0,1
331,5212345678900331,700,VI650939,1,1,3,2014,3,2019,17448.0,1744.8,1
332,5212345678900332,687,MA202461,2,1,6,2014,6,2020,43388.0,4338.8,1
333,5212345678900333,517,MA211117,2,1,5,2014,5,2020,13948.0,1394.8,1
334,5212345678900334,338,VI967882,1,1,8,2014,8,2020,47606.0,4760.6,1
335,5212345678900335,738,VI136261,1,1,11,2014,11,2018,18304.0,1830.4,1
336,5212345678900336,651,MA243461,2,1,2,2014,2,2019,48720.0,4872.0,1
337,5212345678900337,146,MA107950,2,1,6,2014,6,2019,32104.0,3210.4,1
338,5212345678900338,477,VI946002,1,1,10,2014,10,2019,17784.0,1778.4,1
339,5212345678900339,802,MA701345,2,1,9,2014,9,2017,59612.0,5961.2,1
340,5212345678900340,776,VI905026,1,1,11,2014,11,2017,56782.0,5678.2,1
341,5212345678900341,169,VI526314,1,1,9,2014,9,2019,38274.0,3827.4,1
342,5212345678900342,714,VI712046,1,1,2,2014,2,2017,66616.0,6661.6,1
343,5212345678900343,964,VI355796,1,1,7,2014,7,2020,58728.0,5872.8,1
344,5212345678900344,250,VI484019,1,1,5,2014,5,2019,42028.0,4202.8,1
345,5212345678900345,992,AM144197,3,1,6,2014,6,2020,26126.0,2612.6,1
346,5212345678900346,494,VI731103,1,1,2,2014,2,2018,21076.0,2107.6,1
347,5212345678900347,692,VI564057,1,1,8,2014,8,2020,54706.0,5470.6,1
348,5212345678900348,808,VI332195,1,1,6,2014,6,2019,56584.0,5658.4,1
349,5212345678900349,925,VI667348,1,1,12,2014,12,2018,18716.0,1871.6,1
350,5212345678900350,732,VI415900,1,1,6,2014,6,2020,12466.0,1246.6,1
351,5212345678900351,297,VI203560,1,1,3,2014,3,2019,51112.0,5111.2,1
352,5212345678900352,641,VI307151,1,1,9,2014,9,2018,27522.0,2752.2,1
353,5212345678900353,209,VI608380,1,1,11,2014,11,2019,12930.0,1293.0,1
354,5212345678900354,763,VI129409,1,1,4,2014,4,2020,30714.0,3071.4,1
355,5212345678900355,255,VI392283,1,1,8,2014,8,2017,48944.0,4894.4,1
356,5212345678900356,335,VI847227,1,1,5,2014,5,2017,57552.0,5755.2,1
357,5212345678900357,293,MA463582,2,1,5,2014,5,2020,44310.0,4431.0,1
358,5212345678900358,433,VI512024,1,1,8,2014,8,2020,49314.0,4931.4,1
359,5212345678900359,659,MA987217,2,1,10,2014,10,2020,34924.0,3492.4,1
360,5212345678900360,478,VI604316,1,1,10,2014,10,2020,13986.0,1398.6,1
361,5212345678900361,604,VI559873,1,1,12,2014,12,2020,9708.0,970.8,1
362,5212345678900362,972,MA559168,2,1,7,2014,7,2019,60982.0,6098.2,1
363,5212345678900363,850,AM787303,3,1,12,2014,12,2018,39640.0,3964.0,1
364,5212345678900364,832,VI240419,1,1,3,2014,3,2018,60298.0,6029.8,1
365,5212345678900365,806,VI719130,1,1,5,2014,5,2018,23306.0,2330.6,1
366,5212345678900366,218,AM872089,3,1,7,2014,7,2017,22014.0,2201.4,1
367,5212345678900367,585,VI540460,1,1,7,2014,7,2017,15686.0,1568.6,1
368,5212345678900368,119,VI424178,1,1,1,2014,1,2018,36648.0,3664.8,1
369,5212345678900369,382,VI265751,1,1,11,2014,11,2018,35366.0,3536.6,1
370,5212345678900370,389,MA537331,2,1,7,2014,7,2019,9566.0,956.6,1
371,5212345678900371,632,VI761044,1,1,4,2014,4,2017,53530.0,5353.0,1
372,5212345678900372,927,VI187977,1,1,4,2014,4,2020,29312.0,2931.2,1
373,5212345678900373,979,MA118640,2,1,10,2014,10,2018,14890.0,1489.0,1
374,5212345678900374,425,MA473052,2,1,11,2014,11,2017,21806.0,2180.6,1
375,5212345678900375,513,MA717049,2,1,7,2014,7,2019,24422.0,2442.2,1
376,5212345678900376,238,MA401524,2,1,7,2014,7,2020,50726.0,5072.6,1
377,5212345678900377,488,VI988737,1,1,6,2014,6,2020,10322.0,1032.2,1
378,5212345678900378,406,VI527639,1,1,10,2014,10,2020,51270.0,5127.0,1
379,5212345678900379,438,AM108700,3,1,12,2014,12,2017,43634.0,4363.4,1
380,5212345678900380,763,VI184554,1,1,11,2014,11,2017,41308.0,4130.8,1
381,5212345678900381,994,VI678924,1,1,5,2014,5,2019,58350.0,5835.0,1
382,5212345678900382,889,MA914111,2,1,6,2014,6,2017,64676.0,6467.6,1
383,5212345678900383,281,VI465258,1,1,12,2014,12,2020,61460.0,6146.0,1
384,5212345678900384,119,VI668635,1,1,5,2014,5,2018,43290.0,4329.0,1
385,5212345678900385,965,MA858500,2,1,10,2014,10,2017,9450.0,945.0,1
386,5212345678900386,253,AM503956,3,1,1,2014,1,2020,59192.0,5919.2,1
387,5212345678900387,135,MA754917,2,1,2,2014,2,2020,31324.0,3132.4,1
388,5212345678900388,702,VI650674,1,1,1,2014,1,2017,16170.0,1617.0,1
389,5212345678900389,102,MA614937,2,1,6,2014,6,2019,20036.0,2003.6,1
390,5212345678900390,309,AM778834,3,1,8,2014,8,2018,10968.0,1096.8,1
391,5212345678900391,645,AM187416,3,1,3,2014,3,2017,40796.0,4079.6,1
392,5212345678900392,952,MA526127,2,1,8,2014,8,2018,13944.0,1394.4,1
393,5212345678900393,431,MA129648,2,1,12,2014,12,2019,21406.0,2140.6,1
394,5212345678900394,495,MA304122,2,1,1,2014,1,2020,44980.0,4498.0,1
395,5212345678900395,420,MA308055,2,1,2,2014,2,2020,24532.0,2453.2,1
396,5212345678900396,882,MA980426,2,1,6,2014,6,2017,30020.0,3002.0,1
397,5212345678900397,781,VI464038,1,1,4,2014,4,2018,24358.0,2435.8,1
398,5212345678900398,559,MA515735,2,1,9,2014,9,2019,21724.0,2172.4,1
399,5212345678900399,582,VI402474,1,1,4,2014,4,2017,29366.0,2936.6,1
400,5212345678900400,833,VI748190,1,1,7,2014,7,2018,21190.0,2119.0,1
401,5212345678900401,777,VI833853,1,1,9,2014,9,2017,58806.0,5880.6,1
402,5212345678900402,765,VI476674,1,1,11,2014,11,2020,19156.0,1915.6,1
403,5212345678900403,170,MA400335,2,1,5,2014,5,2019,42832.0,4283.2,1
404,5212345678900404,706,VI918498,1,1,11,2014,11,2018,26498.0,2649.8,1
405,5212345678900405,556,MA977996,2,1,5,2014,5,2019,66594.0,6659.4,1
406,5212345678900406,687,VI221606,1,1,4,2014,4,2019,61724.0,6172.4,1
407,5212345678900407,711,VI955223,1,1,8,2014,8,2020,10692.0,1069.2,1
408,5212345678900408,874,VI452133,1,1,4,2014,4,2020,49528.0,4952.8,1
409,5212345678900409,821,VI145356,1,1,6,2014,6,2018,58402.0,5840.2,1
410,5212345678900410,714,VI994863,1,1,2,2014,2,2017,35402.0,3540.2,1
411,5212345678900411,467,MA888883,2,1,8,2014,8,2019,37266.0,3726.6,1
412,5212345678900412,860,MA177500,2,1,6,2014,6,2019,23974.0,2397.4,1
413,5212345678900413,760,VI993719,1,1,8,2014,8,2019,25636.0,2563.6,1
414,5212345678900414,956,VI893671,1,1,3,2014,3,2017,24898.0,2489.8,1
415,5212345678900415,159,MA741181,2,1,10,2014,10,2020,52182.0,5218.2,1
416,5212345678900416,129,MA162982,2,1,12,2014,12,2020,26296.0,2629.6,1
417,5212345678900417,562,VI538779,1,1,8,2014,8,2019,37140.0,3714.0,1
418,5212345678900418,134,MA274778,2,1,1,2014,1,2018,18736.0,1873.6,1
419,5212345678900419,909,MA968306,2,1,11,2014,11,2018,32536.0,3253.6,1
420,5212345678900420,628,VI271075,1,1,1,2014,1,2020,18446.0,1844.6,1
421,5212345678900421,818,MA939562,2,1,4,2014,4,2020,17688.0,1768.8,1
422,5212345678900422,276,MA582870,2,1,9,2014,9,2020,66328.0,6632.8,1
423,5212345678900423,741,AM763139,3,1,2,2014,2,2018,33160.0,3316.0,1
424,5212345678900424,477,VI325983,1,1,4,2014,4,2019,23010.0,2301.0,1
425,5212345678900425,835,MA861640,2,1,10,2014,10,2019,9710.0,971.0,1
426,5212345678900426,874,VI228362,1,1,8,2014,8,2020,62780.0,6278.0,1
427,5212345678900427,257,AM645235,3,1,7,2014,7,2020,17096.0,1709.6,1
428,5212345678900428,658,VI705116,1,1,4,2014,4,2018,35374.0,3537.4,1
429,5212345678900429,105,VI464212,1,1,11,2014,11,2020,29324.0,2932.4,1
430,5212345678900430,387,MA463237,2,1,3,2014,3,2017,23128.0,2312.8,1
431,5212345678900431,955,AM421450,3,1,12,2014,12,2019,56568.0,5656.8,1
432,5212345678900432,196,MA659839,2,1,5,2014,5,2018,24230.0,2423.0,1
433,5212345678900433,556,VI295129,1,1,8,2014,8,2020,49310.0,4931.0,1
434,5212345678900434,506,MA802646,2,1,9,2014,9,2018,28160.0,2816.0,1
435,5212345678900435,883,VI164722,1,1,7,2014,7,2020,25028.0,2502.8,1
436,5212345678900436,431,VI482416,1,1,7,2014,7,2017,54122.0,5412.2,1
437,5212345678900437,838,VI309149,1,1,4,2014,4,2018,64948.0,6494.8,1
438,5212345678900438,168,AM985956,3,1,3,2014,3,2020,19582.0,1958.2,1
439,5212345678900439,950,MA302193,2,1,1,2014,1,2018,44038.0,4403.8,1
440,5212345678900440,133,MA652975,2,1,9,2014,9,2019,21404.0,2140.4,1
441,5212345678900441,466,MA355259,2,1,5,2014,5,2019,22476.0,2247.6,1
442,5212345678900442,746,VI901150,1,1,11,2014,11,2020,42374.0,4237.4,1
443,5212345678900443,877,MA471958,2,1,3,2014,3,2017,32204.0,3220.4,1
444,5212345678900444,362,MA626955,2,1,10,2014,10,2019,30440.0,3044.0,1
445,5212345678900445,339,VI385836,1,1,5,2014,5,2017,42950.0,4295.0,1
446,5212345678900446,674,MA709126,2,1,2,2014,2,2020,38174.0,3817.4,1
447,5212345678900447,446,VI233169,1,1,11,2014,11,2019,22048.0,2204.8,1
448,5212345678900448,584,VI408119,1,1,5,2014,5,2019,23368.0,2336.8,1
449,5212345678900449,855,MA772837,2,1,1,2014,1,2017,24334.0,2433.4,1
450,5212345678900450,273,MA410490,2,1,3,2014,3,2019,39614.0,3961.4,1
451,5212345678900451,894,VI714120,1,1,9,2014,9,2020,16554.0,1655.4,1
452,5212345678900452,927,MA218052,2,1,1,2014,1,2019,35564.0,3556.4,1
453,5212345678900453,291,MA628494,2,1,8,2014,8,2020,20942.0,2094.2,1
454,5212345678900454,331,VI144958,1,1,4,2014,4,2020,21020.0,2102.0,1
455,5212345678900455,136,VI925606,1,1,11,2014,11,2018,44334.0,4433.4,1
456,5212345678900456,658,VI461170,1,1,2,2014,2,2017,44400.0,4440.0,1
457,5212345678900457,784,VI964617,1,1,11,2014,11,2019,23186.0,2318.6,1
458,5212345678900458,626,AM163768,3,1,9,2014,9,2017,54868.0,5486.8,1
459,5212345678900459,262,MA655328,2,1,2,2014,2,2017,12038.0,1203.8,1
460,5212345678900460,678,VI596906,1,1,3,2014,3,2018,19404.0,1940.4,1
461,5212345678900461,703,VI715510,1,1,1,2014,1,2017,63746.0,6374.6,1
462,5212345678900462,692,MA149598,2,1,11,2014,11,2017,29416.0,2941.6,1
463,5212345678900463,883,VI541430,1,1,6,2014,6,2017,23856.0,2385.6,1
464,5212345678900464,404,VI950226,1,1,3,2014,3,2017,11174.0,1117.4,1
465,5212345678900465,219,VI467305,1,1,12,2014,12,2017,12094.0,1209.4,1
466,5212345678900466,679,AM381617,3,1,12,2014,12,2018,44364.0,4436.4,1
467,5212345678900467,621,VI724051,1,1,8,2014,8,2020,35434.0,3543.4,1
468,5212345678900468,119,MA193611,2,1,11,2014,11,2019,44364.0,4436.4,1
469,5212345678900469,307,VI613414,1,1,5,2014,5,2017,8740.0,874.0,1
470,5212345678900470,594,AM445520,3,1,1,2014,1,2019,36172.0,3617.2,1
471,5212345678900471,841,AM393439,3,1,4,2014,4,2017,59304.0,5930.4,1
472,5212345678900472,850,VI698349,1,1,10,2014,10,2017,8888.0,888.8,1
473,5212345678900473,198,MA462387,2,1,6,2014,6,2018,25896.0,2589.6,1
474,5212345678900474,835,VI493854,1,1,2,2014,2,2019,44758.0,4475.8,1
475,5212345678900475,480,AM948482,3,1,5,2014,5,2020,26234.0,2623.4,1
476,5212345678900476,297,AM542709,3,1,3,2014,3,2017,31234.0,3123.4,1
477,5212345678900477,923,MA253432,2,1,8,2014,8,2018,15314.0,1531.4,1
478,5212345678900478,688,AM532339,3,1,3,2014,3,2019,15224.0,1522.4,1
479,5212345678900479,849,VI494741,1,1,1,2014,1,2020,61226.0,6122.6,1
480,5212345678900480,151,VI833227,1,1,8,2014,8,2020,63822.0,6382.2,1
481,5212345678900481,798,VI674950,1,1,5,2014,5,2018,38382.0,3838.2,1
482,5212345678900482,770,VI856897,1,1,4,2014,4,2019,49536.0,4953.6,1
483,5212345678900483,724,VI676839,1,1,9,2014,9,2017,62308.0,6230.8,1
484,5212345678900484,449,MA732193,2,1,3,2014,3,2017,58840.0,5884.0,1
485,5212345678900485,530,VI866218,1,1,11,2014,11,2019,57844.0,5784.4,1
486,5212345678900486,156,VI991116,1,1,9,2014,9,2018,23522.0,2352.2,1
487,5212345678900487,633,MA746881,2,1,4,2014,4,2017,10942.0,1094.2,1
488,5212345678900488,397,VI348924,1,1,5,2014,5,2018,49676.0,4967.6,1
489,5212345678900489,128,MA129860,2,1,9,2014,9,2017,46048.0,4604.8,1
490,5212345678900490,293,VI398796,1,1,7,2014,7,2020,8834.0,883.4,1
491,5212345678900491,659,MA808057,2,1,8,2014,8,2019,21418.0,2141.8,1
492,5212345678900492,798,MA233585,2,1,8,2014,8,2020,37612.0,3761.2,1
493,5212345678900493,704,AM779033,3,1,9,2014,9,2020,25072.0,2507.2,1
494,5212345678900494,165,MA486737,2,1,12,2014,12,2019,14002.0,1400.2,1
495,5212345678900495,329,VI114388,1,1,9,2014,9,2020,7204.0,720.4,1
496,5212345678900496,375,MA671535,2,1,5,2014,5,2020,10604.0,1060.4,1
497,5212345678900497,707,VI672288,1,1,1,2014,1,2018,30872.0,3087.2,1
498,5212345678900498,607,VI253108,1,1,6,2014,6,2019,24262.0,2426.2,1
499,5212345678900499,669,VI586267,1,1,6,2014,6,2019,59270.0,5927.0,1
500,5212345678900500,346,VI629074,1,1,2,2014,2,2018,13966.0,1396.6,1
501,5212345678900501,858,VI121550,1,1,9,2014,9,2019,25058.0,2505.8,1
502,5212345678900502,816,VI103198,1,1,6,2014,6,2020,61994.0,6199.4,1
503,5212345678900503,273,MA714870,2,1,7,2014,7,2020,47582.0,4758.2,1
504,5212345678900504,309,AM194531,3,1,12,2014,12,2019,46278.0,4627.8,1
505,5212345678900505,606,MA850438,2,1,3,2014,3,2018,20954.0,2095.4,1
506,5212345678900506,830,MA938200,2,1,11,2014,11,2017,55566.0,5556.6,1
507,5212345678900507,896,MA883023,2,1,2,2014,2,2017,11996.0,1199.6,1
508,5212345678900508,896,VI330063,1,1,5,2014,5,2018,13346.0,1334.6,1
509,5212345678900509,322,VI900314,1,1,12,2014,12,2017,59560.0,5956.0,1
510,5212345678900510,159,MA771534,2,1,1,2014,1,2017,42954.0,4295.4,1
511,5212345678900511,189,MA614766,2,1,5,2014,5,2017,21078.0,2107.8,1
512,5212345678900512,398,VI597754,1,1,3,2014,3,2018,13550.0,1355.0,1
513,5212345678900513,735,VI716116,1,1,3,2014,3,2019,52430.0,5243.0,1
514,5212345678900514,606,MA956334,2,1,2,2014,2,2017,26470.0,2647.0,1
515,5212345678900515,274,VI226911,1,1,3,2014,3,2017,12494.0,1249.4,1
516,5212345678900516,870,AM907564,3,1,8,2014,8,2017,35668.0,3566.8,1
517,5212345678900517,981,VI355404,1,1,7,2014,7,2020,19172.0,1917.2,1
518,5212345678900518,502,AM199929,3,1,4,2014,4,2019,54898.0,5489.8,1
519,5212345678900519,608,VI825033,1,1,4,2014,4,2019,29336.0,2933.6,1
520,5212345678900520,212,VI798540,1,1,9,2014,9,2018,33406.0,3340.6,1
521,5212345678900521,699,VI426507,1,1,5,2014,5,2018,20864.0,2086.4,1
522,5212345678900522,623,AM248598,3,1,4,2014,4,2020,23848.0,2384.8,1
523,5212345678900523,135,VI497857,1,1,10,2014,10,2020,27178.0,2717.8,1
524,5212345678900524,297,VI390328,1,1,10,2014,10,2017,55910.0,5591.0,1
525,5212345678900525,307,VI683853,1,1,6,2014,6,2018,8058.0,805.8,1
526,5212345678900526,661,VI771770,1,1,9,2014,9,2018,42568.0,4256.8,1
527,5212345678900527,217,VI464008,1,1,11,2014,11,2019,37904.0,3790.4,1
528,5212345678900528,534,MA541248,2,1,8,2014,8,2017,49734.0,4973.4,1
529,5212345678900529,554,VI832972,1,1,3,2014,3,2019,30452.0,3045.2,1
530,5212345678900530,759,VI694939,1,1,5,2014,5,2018,50768.0,5076.8,1
531,5212345678900531,678,VI287065,1,1,3,2014,3,2018,27418.0,2741.8,1
532,5212345678900532,262,VI718490,1,1,5,2014,5,2019,46060.0,4606.0,1
533,5212345678900533,304,MA256332,2,1,8,2014,8,2017,24616.0,2461.6,1
534,5212345678900534,542,VI545954,1,1,12,2014,12,2019,28912.0,2891.2,1
535,5212345678900535,234,MA752901,2,1,10,2014,10,2020,8966.0,896.6,1
536,5212345678900536,374,MA251843,2,1,6,2014,6,2020,57712.0,5771.2,1
537,5212345678900537,671,MA612470,2,1,10,2014,10,2017,15142.0,1514.2,1
538,5212345678900538,230,VI890935,1,1,9,2014,9,2017,54300.0,5430.0,1
539,5212345678900539,146,VI195251,1,1,5,2014,5,2018,10188.0,1018.8,1
540,5212345678900540,607,AM475320,3,1,6,2014,6,2017,27916.0,2791.6,1
541,5212345678900541,578,VI222800,1,1,4,2014,4,2018,39704.0,3970.4,1
542,5212345678900542,506,MA230903,2,1,12,2014,12,2017,61476.0,6147.6,1
543,5212345678900543,945,MA545955,2,1,8,2014,8,2017,44976.0,4497.6,1
544,5212345678900544,240,VI701459,1,1,7,2014,7,2020,7282.0,728.2,1
545,5212345678900545,852,VI376762,1,1,4,2014,4,2020,28284.0,2828.4,1
546,5212345678900546,562,VI527030,1,1,6,2014,6,2020,26962.0,2696.2,1
547,5212345678900547,560,VI748334,1,1,12,2014,12,2017,23644.0,2364.4,1
548,5212345678900548,566,MA856346,2,1,1,2014,1,2017,23762.0,2376.2,1
549,5212345678900549,716,VI678553,1,1,8,2014,8,2020,49382.0,4938.2,1
550,5212345678900550,305,VI125473,1,1,9,2014,9,2017,62300.0,6230.0,1
551,5212345678900551,634,MA932580,2,1,1,2014,1,2019,13604.0,1360.4,1
552,5212345678900552,526,MA889051,2,1,7,2014,7,2019,38038.0,3803.8,1
553,5212345678900553,683,VI994321,1,1,1,2014,1,2019,19498.0,1949.8,1
554,5212345678900554,288,VI180188,1,1,2,2014,2,2019,15578.0,1557.8,1
555,5212345678900555,349,VI270178,1,1,9,2014,9,2019,24500.0,2450.0,1
556,5212345678900556,625,MA370831,2,1,5,2014,5,2019,60830.0,6083.0,1
557,5212345678900557,633,VI391376,1,1,10,2014,10,2018,58980.0,5898.0,1
558,5212345678900558,630,VI179582,1,1,12,2014,12,2018,52260.0,5226.0,1
559,5212345678900559,465,VI703968,1,1,1,2014,1,2019,55264.0,5526.4,1
560,5212345678900560,718,AM385233,3,1,7,2014,7,2020,28432.0,2843.2,1
561,5212345678900561,369,VI580674,1,1,3,2014,3,2018,23094.0,2309.4,1
562,5212345678900562,587,VI246360,1,1,12,2014,12,2020,45690.0,4569.0,1
563,5212345678900563,357,VI186867,1,1,12,2014,12,2018,8966.0,896.6,1
564,5212345678900564,836,MA998465,2,1,7,2014,7,2017,41502.0,4150.2,1
565,5212345678900565,908,VI284517,1,1,1,2014,1,2017,48010.0,4801.0,1
566,5212345678900566,302,VI745889,1,1,8,2014,8,2017,16250.0,1625.0,1
567,5212345678900567,252,VI876918,1,1,7,2014,7,2018,64330.0,6433.0,1
568,5212345678900568,259,VI407746,1,1,1,2014,1,2020,16308.0,1630.8,1
569,5212345678900569,296,VI317150,1,1,1,2014,1,2018,21424.0,2142.4,1
570,5212345678900570,359,AM906018,3,1,11,2014,11,2019,55784.0,5578.4,1
571,5212345678900571,182,VI951581,1,1,7,2014,7,2019,9366.0,936.6,1
572,5212345678900572,727,AM993195,3,1,3,2014,3,2020,55872.0,5587.2,1
573,5212345678900573,534,VI679059,1,1,7,2014,7,2018,63044.0,6304.4,1
574,5212345678900574,156,VI933072,1,1,10,2014,10,2018,23458.0,2345.8,1
575,5212345678900575,297,VI878657,1,1,11,2014,11,2019,29178.0,2917.8,1
576,5212345678900576,969,VI948971,1,1,12,2014,12,2020,48858.0,4885.8,1
577,5212345678900577,950,VI738547,1,1,2,2014,2,2020,62006.0,6200.6,1
578,5212345678900578,544,VI460447,1,1,10,2014,10,2020,53706.0,5370.6,1
579,5212345678900579,700,VI528841,1,1,8,2014,8,2017,16242.0,1624.2,1
580,5212345678900580,526,VI164427,1,1,4,2014,4,2019,43158.0,4315.8,1
581,5212345678900581,892,AM760827,3,1,1,2014,1,2019,15916.0,1591.6,1
582,5212345678900582,452,MA758043,2,1,10,2014,10,2020,58120.0,5812.0,1
583,5212345678900583,816,VI377575,1,1,8,2014,8,2017,47850.0,4785.0,1
584,5212345678900584,434,VI836848,1,1,4,2014,4,2019,39490.0,3949.0,1
585,5212345678900585,574,MA948358,2,1,2,2014,2,2020,24546.0,2454.6,1
586,5212345678900586,972,AM824930,3,1,2,2014,2,2018,26528.0,2652.8,1
587,5212345678900587,530,VI705309,1,1,12,2014,12,2020,54992.0,5499.2,1
588,5212345678900588,715,VI822798,1,1,11,2014,11,2019,10304.0,1030.4,1
589,5212345678900589,737,VI325835,1,1,3,2014,3,2020,32668.0,3266.8,1
590,5212345678900590,394,VI525998,1,1,2,2014,2,2018,22044.0,2204.4,1
591,5212345678900591,400,MA252477,2,1,2,2014,2,2017,31814.0,3181.4,1
592,5212345678900592,709,MA931532,2,1,9,2014,9,2020,44522.0,4452.2,1
593,5212345678900593,870,MA264455,2,1,4,2014,4,2020,41318.0,4131.8,1
594,5212345678900594,996,MA774011,2,1,1,2014,1,2019,57742.0,5774.2,1
595,5212345678900595,471,VI202176,1,1,1,2014,1,2020,37408.0,3740.8,1
596,5212345678900596,638,VI938138,1,1,3,2014,3,2017,41526.0,4152.6,1
597,5212345678900597,488,VI472740,1,1,3,2014,3,2019,46188.0,4618.8,1
598,5212345678900598,760,MA700507,2,1,11,2014,11,2020,51636.0,5163.6,1
599,5212345678900599,174,MA904001,2,1,6,2014,6,2020,43032.0,4303.2,1
600,5212345678900600,176,VI821222,1,1,12,2014,12,2019,56332.0,5633.2,1
601,5212345678900601,280,VI702856,1,1,11,2014,11,2017,23648.0,2364.8,1
602,5212345678900602,622,VI238694,1,1,4,2014,4,2020,38244.0,3824.4,1
603,5212345678900603,664,MA531162,2,1,11,2014,11,2019,29276.0,2927.6,1
604,5212345678900604,225,VI841560,1,1,3,2014,3,2019,23612.0,2361.2,1
605,5212345678900605,949,VI341415,1,1,4,2014,4,2020,52324.0,5232.4,1
606,5212345678900606,890,MA301144,2,1,7,2014,7,2020,32396.0,3239.6,1
607,5212345678900607,213,MA716747,2,1,10,2014,10,2019,10904.0,1090.4,1
608,5212345678900608,356,VI743710,1,1,8,2014,8,2018,12408.0,1240.8,1
609,5212345678900609,574,VI893682,1,1,8,2014,8,2020,37354.0,3735.4,1
610,5212345678900610,852,VI360783,1,1,11,2014,11,2020,33004.0,3300.4,1
611,5212345678900611,495,MA108324,2,1,11,2014,11,2017,23338.0,2333.8,1
612,5212345678900612,985,MA951065,2,1,2,2014,2,2018,10454.0,1045.4,1
613,5212345678900613,812,VI111233,1,1,3,2014,3,2020,32960.0,3296.0,1
614,5212345678900614,985,VI336386,1,1,3,2014,3,2019,59726.0,5972.6,1
615,5212345678900615,533,MA355883,2,1,9,2014,9,2018,49238.0,4923.8,1
616,5212345678900616,333,MA309933,2,1,9,2014,9,2019,18910.0,1891.0,1
617,5212345678900617,732,VI686487,1,1,2,2014,2,2017,25170.0,2517.0,1
618,5212345678900618,650,VI674815,1,1,12,2014,12,2017,62176.0,6217.6,1
619,5212345678900619,822,MA642341,2,1,2,2014,2,2020,20468.0,2046.8,1
620,5212345678900620,724,VI368227,1,1,12,2014,12,2017,42926.0,4292.6,1
621,5212345678900621,649,MA467466,2,1,11,2014,11,2017,54032.0,5403.2,1
622,5212345678900622,412,MA230073,2,1,3,2014,3,2020,29374.0,2937.4,1
623,5212345678900623,957,MA655224,2,1,3,2014,3,2018,58848.0,5884.8,1
624,5212345678900624,548,VI942345,1,1,9,2014,9,2019,57570.0,5757.0,1
625,5212345678900625,844,MA506481,2,1,5,2014,5,2020,19150.0,1915.0,1
626,5212345678900626,535,VI934961,1,1,8,2014,8,2018,30134.0,3013.4,1
627,5212345678900627,665,VI806154,1,1,11,2014,11,2018,28542.0,2854.2,1
628,5212345678900628,764,MA559840,2,1,7,2014,7,2019,38622.0,3862.2,1
629,5212345678900629,614,VI419478,1,1,5,2014,5,2020,45138.0,4513.8,1
630,5212345678900630,324,VI210586,1,1,3,2014,3,2019,61728.0,6172.8,1
631,5212345678900631,627,VI917848,1,1,4,2014,4,2020,23216.0,2321.6,1
632,5212345678900632,695,VI267832,1,1,7,2014,7,2019,51890.0,5189.0,1
633,5212345678900633,470,VI490563,1,1,6,2014,6,2020,52854.0,5285.4,1
634,5212345678900634,681,MA169474,2,1,9,2014,9,2019,49564.0,4956.4,1
635,5212345678900635,299,VI389565,1,1,5,2014,5,2019,35156.0,3515.6,1
636,5212345678900636,621,MA950489,2,1,2,2014,2,2017,16736.0,1673.6,1
637,5212345678900637,246,AM773379,3,1,10,2014,10,2020,22988.0,2298.8,1
638,5212345678900638,127,VI508624,1,1,3,2014,3,2018,56170.0,5617.0,1
639,5212345678900639,843,MA237129,2,1,11,2014,11,2017,8416.0,841.6,1
640,5212345678900640,614,VI956573,1,1,3,2014,3,2019,14452.0,1445.2,1
641,5212345678900641,460,MA584505,2,1,7,2014,7,2018,40484.0,4048.4,1
642,5212345678900642,648,MA214959,2,1,11,2014,11,2019,24280.0,2428.0,1
643,5212345678900643,403,AM193440,3,1,4,2014,4,2019,52680.0,5268.0,1
644,5212345678900644,553,VI696073,1,1,5,2014,5,2018,22576.0,2257.6,1
645,5212345678900645,557,AM561040,3,1,1,2014,1,2020,61458.0,6145.8,1
646,5212345678900646,293,MA821966,2,1,1,2014,1,2020,11080.0,1108.0,1
647,5212345678900647,263,VI697143,1,1,11,2014,11,2018,28102.0,2810.2,1
648,5212345678900648,506,VI750605,1,1,3,2014,3,2018,15158.0,1515.8,1
649,5212345678900649,612,MA913363,2,1,8,2014,8,2019,44718.0,4471.8,1
650,5212345678900650,651,VI582972,1,1,11,2014,11,2020,52788.0,5278.8,1
651,5212345678900651,120,MA783775,2,1,3,2014,3,2017,57222.0,5722.2,1
652,5212345678900652,698,VI781300,1,1,1,2014,1,2018,53698.0,5369.8,1
653,5212345678900653,527,VI944827,1,1,11,2014,11,2018,17696.0,1769.6,1
654,5212345678900654,811,VI610567,1,1,9,2014,9,2018,34126.0,3412.6,1
655,5212345678900655,652,VI171331,1,1,2,2014,2,2020,29956.0,2995.6,1
656,5212345678900656,105,VI196212,1,1,10,2014,10,2019,57442.0,5744.2,1
657,5212345678900657,880,VI200375,1,1,12,2014,12,2019,30488.0,3048.8,1
658,5212345678900658,832,VI762091,1,1,7,2014,7,2018,30738.0,3073.8,1
659,5212345678900659,183,MA932371,2,1,12,2014,12,2019,35898.0,3589.8,1
660,5212345678900660,268,VI325058,1,1,2,2014,2,2019,56830.0,5683.0,1
661,5212345678900661,982,MA389574,2,1,9,2014,9,2017,38698.0,3869.8,1
662,5212345678900662,828,VI441066,1,1,10,2014,10,2017,49362.0,4936.2,1
663,5212345678900663,765,MA543387,2,1,2,2014,2,2020,25106.0,2510.6,1
664,5212345678900664,259,VI275045,1,1,5,2014,5,2018,59418.0,5941.8,1
665,5212345678900665,828,VI304587,1,1,1,2014,1,2017,59472.0,5947.2,1
666,5212345678900666,492,MA973092,2,1,11,2014,11,2017,22008.0,2200.8,1
667,5212345678900667,490,MA221309,2,1,4,2014,4,2019,52020.0,5202.0,1
668,5212345678900668,771,VI998660,1,1,2,2014,2,2019,8946.0,894.6,1
669,5212345678900669,700,VI125633,1,1,3,2014,3,2018,57170.0,5717.0,1
670,5212345678900670,791,AM335437,3,1,9,2014,9,2017,17108.0,1710.8,1
671,5212345678900671,326,AM168271,3,1,1,2014,1,2020,7666.0,766.6,1
672,5212345678900672,683,AM354395,3,1,5,2014,5,2018,49086.0,4908.6,1
673,5212345678900673,919,VI847633,1,1,3,2014,3,2017,18874.0,1887.4,1
674,5212345678900674,524,MA867882,2,1,5,2014,5,2017,25036.0,2503.6,1
675,5212345678900675,878,VI236188,1,1,7,2014,7,2017,20964.0,2096.4,1
676,5212345678900676,708,MA636611,2,1,2,2014,2,2020,37952.0,3795.2,1
677,5212345678900677,145,MA152050,2,1,11,2014,11,2018,63034.0,6303.4,1
678,5212345678900678,441,VI540935,1,1,12,2014,12,2020,38872.0,3887.2,1
679,5212345678900679,875,MA449308,2,1,6,2014,6,2017,37386.0,3738.6,1
680,5212345678900680,469,MA484347,2,1,8,2014,8,2018,37856.0,3785.6,1
681,5212345678900681,613,MA234690,2,1,3,2014,3,2019,23192.0,2319.2,1
682,5212345678900682,864,MA696109,2,1,12,2014,12,2018,34438.0,3443.8,1
683,5212345678900683,361,VI173740,1,1,4,2014,4,2020,29886.0,2988.6,1
684,5212345678900684,961,VI349736,1,1,7,2014,7,2019,28306.0,2830.6,1
685,5212345678900685,107,AM463770,3,1,7,2014,7,2019,66608.0,6660.8,1
686,5212345678900686,147,MA792242,2,1,4,2014,4,2019,55174.0,5517.4,1
687,5212345678900687,755,VI804221,1,1,2,2014,2,2019,19974.0,1997.4,1
688,5212345678900688,462,MA323668,2,1,1,2014,1,2017,23392.0,2339.2,1
689,5212345678900689,723,MA317190,2,1,12,2014,12,2017,61436.0,6143.6,1
690,5212345678900690,168,VI484054,1,1,3,2014,3,2018,19964.0,1996.4,1
691,5212345678900691,133,MA158502,2,1,8,2014,8,2019,16172.0,1617.2,1
692,5212345678900692,822,MA148424,2,1,12,2014,12,2020,30318.0,3031.8,1
693,5212345678900693,589,VI501809,1,1,5,2014,5,2017,24364.0,2436.4,1
694,5212345678900694,691,MA908217,2,1,8,2014,8,2020,25516.0,2551.6,1
695,5212345678900695,435,MA102874,2,1,8,2014,8,2018,38006.0,3800.6,1
696,5212345678900696,912,MA215066,2,1,2,2014,2,2017,56348.0,5634.8,1
697,5212345678900697,368,VI134283,1,1,12,2014,12,2018,63460.0,6346.0,1
698,5212345678900698,610,VI335735,1,1,1,2014,1,2017,26874.0,2687.4,1
699,5212345678900699,737,VI619373,1,1,5,2014,5,2020,34226.0,3422.6,1
700,5212345678900700,530,VI971247,1,1,8,2014,8,2018,59676.0,5967.6,1
701,5212345678900701,530,VI602091,1,1,3,2014,3,2017,42446.0,4244.6,1
702,5212345678900702,756,VI609601,1,1,11,2014,11,2020,25936.0,2593.6,1
703,5212345678900703,138,MA265334,2,1,7,2014,7,2017,47634.0,4763.4,1
704,5212345678900704,262,VI297174,1,1,5,2014,5,2019,7658.0,765.8,1
705,5212345678900705,842,VI681578,1,1,9,2014,9,2017,18334.0,1833.4,1
706,5212345678900706,249,VI761329,1,1,4,2014,4,2019,25264.0,2526.4,1
707,5212345678900707,419,VI481902,1,1,11,2014,11,2020,14894.0,1489.4,1
708,5212345678900708,815,VI592497,1,1,4,2014,4,2018,40312.0,4031.2,1
709,5212345678900709,477,VI339846,1,1,7,2014,7,2020,32524.0,3252.4,1
710,5212345678900710,510,MA634666,2,1,6,2014,6,2018,23272.0,2327.2,1
711,5212345678900711,951,MA596053,2,1,2,2014,2,2020,23372.0,2337.2,1
712,5212345678900712,336,MA739006,2,1,2,2014,2,2017,55602.0,5560.2,1
713,5212345678900713,346,AM241416,3,1,12,2014,12,2018,20654.0,2065.4,1
714,5212345678900714,820,MA143074,2,1,3,2014,3,2019,11120.0,1112.0,1
715,5212345678900715,597,MA768630,2,1,11,2014,11,2020,59886.0,5988.6,1
716,5212345678900716,407,VI533618,1,1,9,2014,9,2017,15804.0,1580.4,1
717,5212345678900717,351,VI819297,1,1,11,2014,11,2019,40120.0,4012.0,1
718,5212345678900718,856,VI127605,1,1,11,2014,11,2020,51906.0,5190.6,1
719,5212345678900719,883,VI461895,1,1,10,2014,10,2020,20936.0,2093.6,1
720,5212345678900720,301,MA931604,2,1,12,2014,12,2019,49024.0,4902.4,1
721,5212345678900721,948,VI161182,1,1,8,2014,8,2017,6714.0,671.4,1
722,5212345678900722,176,VI123985,1,1,5,2014,5,2019,11956.0,1195.6,1
723,5212345678900723,192,MA559160,2,1,12,2014,12,2018,36982.0,3698.2,1
724,5212345678900724,441,VI368109,1,1,2,2014,2,2019,27416.0,2741.6,1
725,5212345678900725,183,VI871070,1,1,9,2014,9,2017,60308.0,6030.8,1
726,5212345678900726,153,VI919560,1,1,3,2014,3,2020,52298.0,5229.8,1
727,5212345678900727,473,VI939512,1,1,10,2014,10,2017,58174.0,5817.4,1
728,5212345678900728,594,MA963594,2,1,12,2014,12,2017,26610.0,2661.0,1
729,5212345678900729,835,VI361907,1,1,1,2014,1,2017,15824.0,1582.4,1
730,5212345678900730,669,MA139791,2,1,5,2014,5,2018,63306.0,6330.6,1
731,5212345678900731,158,VI146683,1,1,10,2014,10,2019,32248.0,3224.8,1
732,5212345678900732,215,VI233329,1,1,12,2014,12,2017,56384.0,5638.4,1
733,5212345678900733,107,AM100997,3,1,5,2014,5,2017,53036.0,5303.6,1
734,5212345678900734,375,MA433347,2,1,10,2014,10,2020,37466.0,3746.6,1
735,5212345678900735,787,AM506348,3,1,11,2014,11,2018,31598.0,3159.8,1
736,5212345678900736,561,VI452069,1,1,5,2014,5,2019,35384.0,3538.4,1
737,5212345678900737,434,MA944959,2,1,1,2014,1,2019,28750.0,2875.0,1
738,5212345678900738,356,VI457142,1,1,1,2014,1,2019,28796.0,2879.6,1
739,5212345678900739,174,MA847458,2,1,9,2014,9,2019,66058.0,6605.8,1
740,5212345678900740,970,MA212114,2,1,2,2014,2,2019,47380.0,4738.0,1
741,5212345678900741,121,VI327145,1,1,11,2014,11,2020,65446.0,6544.6,1
742,5212345678900742,810,MA352205,2,1,9,2014,9,2020,59042.0,5904.2,1
743,5212345678900743,505,VI985195,1,1,6,2014,6,2019,26272.0,2627.2,1
744,5212345678900744,721,MA561986,2,1,3,2014,3,2019,61812.0,6181.2,1
745,5212345678900745,376,VI459878,1,1,9,2014,9,2019,23368.0,2336.8,1
746,5212345678900746,389,MA371948,2,1,7,2014,7,2018,8922.0,892.2,1
747,5212345678900747,906,VI728085,1,1,3,2014,3,2018,23048.0,2304.8,1
748,5212345678900748,147,MA552914,2,1,3,2014,3,2017,28742.0,2874.2,1
749,5212345678900749,812,MA942464,2,1,12,2014,12,2017,52860.0,5286.0,1
750,5212345678900750,918,MA164598,2,1,1,2014,1,2020,56128.0,5612.8,1
751,5212345678900751,986,MA301444,2,1,5,2014,5,2020,21294.0,2129.4,1
752,5212345678900752,976,VI391567,1,1,6,2014,6,2018,28356.0,2835.6,1
753,5212345678900753,531,MA220321,2,1,3,2014,3,2020,15168.0,1516.8,1
754,5212345678900754,148,MA557977,2,1,10,2014,10,2019,7698.0,769.8,1
755,5212345678900755,838,MA386218,2,1,2,2014,2,2019,15368.0,1536.8,1
756,5212345678900756,618,AM857541,3,1,7,2014,7,2017,38370.0,3837.0,1
757,5212345678900757,234,VI942173,1,1,2,2014,2,2018,34190.0,3419.0,1
758,5212345678900758,675,AM240982,3,1,3,2014,3,2017,29324.0,2932.4,1
759,5212345678900759,291,VI112684,1,1,1,2014,1,2020,29262.0,2926.2,1
760,5212345678900760,672,VI197506,1,1,12,2014,12,2019,53492.0,5349.2,1
761,5212345678900761,135,MA932823,2,1,9,2014,9,2020,43462.0,4346.2,1
762,5212345678900762,123,MA606689,2,1,11,2014,11,2017,21546.0,2154.6,1
763,5212345678900763,840,VI859186,1,1,4,2014,4,2019,26644.0,2664.4,1
764,5212345678900764,211,MA697948,2,1,4,2014,4,2017,63120.0,6312.0,1
765,5212345678900765,433,VI366795,1,1,3,2014,3,2018,13534.0,1353.4,1
766,5212345678900766,397,VI729431,1,1,6,2014,6,2018,61266.0,6126.6,1
767,5212345678900767,876,VI143019,1,1,4,2014,4,2018,30308.0,3030.8,1
768,5212345678900768,628,VI127519,1,1,5,2014,5,2017,20598.0,2059.8,1
769,5212345678900769,384,MA470504,2,1,1,2014,1,2019,62808.0,6280.8,1
770,5212345678900770,366,VI243381,1,1,5,2014,5,2018,14164.0,1416.4,1
771,5212345678900771,868,VI524234,1,1,3,2014,3,2018,51656.0,5165.6,1
772,5212345678900772,470,MA134962,2,1,1,2014,1,2020,60586.0,6058.6,1
773,5212345678900773,195,MA571231,2,1,4,2014,4,2020,49104.0,4910.4,1
774,5212345678900774,374,VI893144,1,1,2,2014,2,2020,45170.0,4517.0,1
775,5212345678900775,566,VI373525,1,1,10,2014,10,2019,64928.0,6492.8,1
776,5212345678900776,941,MA146714,2,1,8,2014,8,2020,29144.0,2914.4,1
777,5212345678900777,629,VI997904,1,1,12,2014,12,2017,18698.0,1869.8,1
778,5212345678900778,959,AM394623,3,1,6,2014,6,2019,28242.0,2824.2,1
779,5212345678900779,320,MA396140,2,1,1,2014,1,2019,40952.0,4095.2,1
780,5212345678900780,379,VI128660,1,1,10,2014,10,2019,18096.0,1809.6,1
781,5212345678900781,582,VI793138,1,1,12,2014,12,2020,43008.0,4300.8,1
782,5212345678900782,753,VI813700,1,1,6,2014,6,2020,22362.0,2236.2,1
783,5212345678900783,580,AM208452,3,1,3,2014,3,2018,51216.0,5121.6,1
784,5212345678900784,267,VI424366,1,1,8,2014,8,2018,39076.0,3907.6,1
785,5212345678900785,602,VI903680,1,1,9,2014,9,2019,20812.0,2081.2,1
786,5212345678900786,395,MA283826,2,1,3,2014,3,2018,18272.0,1827.2,1
787,5212345678900787,163,VI532674,1,1,4,2014,4,2020,32882.0,3288.2,1
788,5212345678900788,831,MA310746,2,1,6,2014,6,2020,22024.0,2202.4,1
789,5212345678900789,726,VI148250,1,1,10,2014,10,2018,40924.0,4092.4,1
790,5212345678900790,590,MA731218,2,1,5,2014,5,2018,35016.0,3501.6,1
791,5212345678900791,558,MA650683,2,1,12,2014,12,2018,50848.0,5084.8,1
792,5212345678900792,928,VI370317,1,1,9,2014,9,2018,9568.0,956.8,1
793,5212345678900793,798,VI434084,1,1,6,2014,6,2020,21242.0,2124.2,1
794,5212345678900794,731,MA900267,2,1,11,2014,11,2020,55168.0,5516.8,1
795,5212345678900795,990,VI323216,1,1,3,2014,3,2020,27430.0,2743.0,1
796,5212345678900796,493,VI195457,1,1,6,2014,6,2018,41992.0,4199.2,1
797,5212345678900797,101,AM826281,3,1,5,2014,5,2019,16204.0,1620.4,1
798,5212345678900798,443,VI914697,1,1,12,2014,12,2020,17132.0,1713.2,1
799,5212345678900799,180,VI480566,1,1,4,2014,4,2017,23552.0,2355.2,1
800,5212345678900800,255,VI624583,1,1,11,2014,11,2019,59668.0,5966.8,1
801,5212345678900801,514,VI983406,1,1,11,2014,11,2020,40460.0,4046.0,1
802,5212345678900802,188,MA545314,2,1,3,2014,3,2020,40822.0,4082.2,1
803,5212345678900803,563,MA271637,2,1,8,2014,8,2017,9386.0,938.6,1
804,5212345678900804,486,VI818508,1,1,12,2014,12,2020,52926.0,5292.6,1
805,5212345678900805,819,AM998864,3,1,7,2014,7,2017,40422.0,4042.2,1
806,5212345678900806,479,VI555529,1,1,3,2014,3,2019,18858.0,1885.8,1
807,5212345678900807,425,MA901420,2,1,3,2014,3,2020,49216.0,4921.6,1
808,5212345678900808,901,VI293774,1,1,11,2014,11,2020,8296.0,829.6,1
809,5212345678900809,507,MA174627,2,1,5,2014,5,2019,63632.0,6363.2,1
810,5212345678900810,643,MA728542,2,1,2,2014,2,2018,23736.0,2373.6,1
811,5212345678900811,597,AM811823,3,1,9,2014,9,2018,49334.0,4933.4,1
812,5212345678900812,982,VI961430,1,1,2,2014,2,2018,31086.0,3108.6,1
813,5212345678900813,786,VI116213,1,1,6,2014,6,2018,44384.0,4438.4,1
814,5212345678900814,444,VI339133,1,1,9,2014,9,2017,58756.0,5875.6,1
815,5212345678900815,856,MA558996,2,1,2,2014,2,2017,56214.0,5621.4,1
816,5212345678900816,708,VI843206,1,1,8,2014,8,2018,53994.0,5399.4,1
817,5212345678900817,574,VI935569,1,1,6,2014,6,2018,50992.0,5099.2,1
818,5212345678900818,993,VI760129,1,1,4,2014,4,2020,46648.0,4664.8,1
819,5212345678900819,840,VI383848,1,1,11,2014,11,2019,40660.0,4066.0,1
820,5212345678900820,622,VI373946,1,1,5,2014,5,2020,56486.0,5648.6,1
821,5212345678900821,729,VI938824,1,1,3,2014,3,2017,62526.0,6252.6,1
822,5212345678900822,858,VI324195,1,1,3,2014,3,2017,7438.0,743.8,1
823,5212345678900823,974,VI620926,1,1,5,2014,5,2018,21956.0,2195.6,1
824,5212345678900824,692,VI523261,1,1,10,2014,10,2017,9356.0,935.6,1
825,5212345678900825,811,VI400745,1,1,8,2014,8,2018,26720.0,2672.0,1
826,5212345678900826,840,VI363386,1,1,7,2014,7,2017,54822.0,5482.2,1
827,5212345678900827,334,MA707612,2,1,11,2014,11,2017,11868.0,1186.8,1
828,5212345678900828,617,MA477069,2,1,9,2014,9,2017,35266.0,3526.6,1
829,5212345678900829,768,MA457258,2,1,5,2014,5,2017,35566.0,3556.6,1
830,5212345678900830,481,VI190575,1,1,6,2014,6,2017,14166.0,1416.6,1
831,5212345678900831,305,VI192885,1,1,8,2014,8,2019,35426.0,3542.6,1
832,5212345678900832,805,VI664163,1,1,4,2014,4,2020,29132.0,2913.2,1
833,5212345678900833,685,MA670545,2,1,4,2014,4,2018,36700.0,3670.0,1
834,5212345678900834,911,VI103481,1,1,3,2014,3,2019,19296.0,1929.6,1
835,5212345678900835,666,VI488424,1,1,11,2014,11,2018,24336.0,2433.6,1
836,5212345678900836,330,VI258644,1,1,9,2014,9,2020,60862.0,6086.2,1
837,5212345678900837,675,MA273557,2,1,7,2014,7,2017,40000.0,4000.0,1
838,5212345678900838,900,VI717296,1,1,2,2014,2,2020,13234.0,1323.4,1
839,5212345678900839,820,MA772484,2,1,5,2014,5,2020,63772.0,6377.2,1
840,5212345678900840,697,VI667794,1,1,5,2014,5,2018,38038.0,3803.8,1
841,5212345678900841,971,VI628703,1,1,7,2014,7,2018,30340.0,3034.0,1
842,5212345678900842,301,VI737926,1,1,9,2014,9,2018,51144.0,5114.4,1
843,5212345678900843,540,VI688067,1,1,5,2014,5,2020,48744.0,4874.4,1
844,5212345678900844,214,MA500136,2,1,1,2014,1,2019,13448.0,1344.8,1
845,5212345678900845,279,VI214899,1,1,8,2014,8,2017,55146.0,5514.6,1
846,5212345678900846,437,MA785618,2,1,4,2014,4,2020,28628.0,2862.8,1
847,5212345678900847,956,MA277194,2,1,11,2014,11,2017,16848.0,1684.8,1
848,5212345678900848,827,AM120606,3,1,11,2014,11,2018,31632.0,3163.2,1
849,5212345678900849,453,VI431840,1,1,11,2014,11,2018,20684.0,2068.4,1
850,5212345678900850,629,MA758917,2,1,10,2014,10,2017,40032.0,4003.2,1
851,5212345678900851,414,MA509317,2,1,3,2014,3,2019,32404.0,3240.4,1
852,5212345678900852,169,VI452191,1,1,10,2014,10,2019,60880.0,6088.0,1
853,5212345678900853,808,MA362172,2,1,8,2014,8,2020,54746.0,5474.6,1
854,5212345678900854,105,MA129600,2,1,2,2014,2,2017,27062.0,2706.2,1
855,5212345678900855,857,VI120692,1,1,2,2014,2,2020,50670.0,5067.0,1
856,5212345678900856,879,VI108008,1,1,6,2014,6,2020,45472.0,4547.2,1
857,5212345678900857,698,VI684775,1,1,7,2014,7,2017,22786.0,2278.6,1
858,5212345678900858,305,VI555250,1,1,1,2014,1,2017,19346.0,1934.6,1
859,5212345678900859,530,VI880588,1,1,4,2014,4,2017,63916.0,6391.6,1
860,5212345678900860,396,MA114416,2,1,2,2014,2,2019,28110.0,2811.0,1
861,5212345678900861,691,VI671688,1,1,9,2014,9,2020,60090.0,6009.0,1
862,5212345678900862,290,VI210598,1,1,4,2014,4,2018,43656.0,4365.6,1
863,5212345678900863,313,VI220010,1,1,12,2014,12,2017,55472.0,5547.2,1
864,5212345678900864,768,MA292913,2,1,1,2014,1,2020,35768.0,3576.8,1
865,5212345678900865,193,MA556471,2,1,4,2014,4,2019,65044.0,6504.4,1
866,5212345678900866,623,MA827698,2,1,4,2014,4,2019,58830.0,5883.0,1
867,5212345678900867,127,VI764506,1,1,3,2014,3,2020,54318.0,5431.8,1
868,5212345678900868,437,MA290502,2,1,2,2014,2,2019,40276.0,4027.6,1
869,5212345678900869,274,VI290541,1,1,1,2014,1,2020,52656.0,5265.6,1
870,5212345678900870,640,VI389995,1,1,10,2014,10,2017,25860.0,2586.0,1
871,5212345678900871,701,MA700688,2,1,11,2014,11,2018,39868.0,3986.8,1
872,5212345678900872,365,VI336428,1,1,9,2014,9,2019,16414.0,1641.4,1
873,5212345678900873,844,MA347080,2,1,10,2014,10,2018,31928.0,3192.8,1
874,5212345678900874,726,VI467074,1,1,4,2014,4,2017,37050.0,3705.0,1
875,5212345678900875,721,MA321679,2,1,10,2014,10,2017,7450.0,745.0,1
876,5212345678900876,412,MA859726,2,1,6,2014,6,2019,23548.0,2354.8,1
877,5212345678900877,730,VI693395,1,1,1,2014,1,2018,42474.0,4247.4,1
878,5212345678900878,588,MA873011,2,1,11,2014,11,2020,28326.0,2832.6,1
879,5212345678900879,777,MA121604,2,1,2,2014,2,2017,6896.0,689.6,1
880,5212345678900880,437,AM783129,3,1,4,2014,4,2018,27144.0,2714.4,1
881,5212345678900881,785,VI451540,1,1,4,2014,4,2020,46438.0,4643.8,1
882,5212345678900882,807,AM575337,3,1,1,2014,1,2017,50146.0,5014.6,1
883,5212345678900883,975,VI871328,1,1,2,2014,2,2018,36922.0,3692.2,1
884,5212345678900884,335,AM343166,3,1,5,2014,5,2019,26894.0,2689.4,1
885,5212345678900885,489,VI283206,1,1,12,2014,12,2020,41208.0,4120.8,1
886,5212345678900886,647,VI956120,1,1,1,2014,1,2020,9230.0,923.0,1
887,5212345678900887,369,VI193115,1,1,7,2014,7,2019,62666.0,6266.6,1
888,5212345678900888,914,AM827721,3,1,2,2014,2,2018,9900.0,990.0,1
889,5212345678900889,240,MA978282,2,1,1,2014,1,2017,15794.0,1579.4,1
890,5212345678900890,741,VI593362,1,1,5,2014,5,2019,55004.0,5500.4,1
891,5212345678900891,987,VI852293,1,1,11,2014,11,2018,43976.0,4397.6,1
892,5212345678900892,767,VI403422,1,1,6,2014,6,2017,25752.0,2575.2,1
893,5212345678900893,873,MA195214,2,1,1,2014,1,2020,42220.0,4222.0,1
894,5212345678900894,909,VI685832,1,1,12,2014,12,2017,30712.0,3071.2,1
895,5212345678900895,996,MA250491,2,1,4,2014,4,2020,61296.0,6129.6,1
896,5212345678900896,335,MA856047,2,1,5,2014,5,2019,52888.0,5288.8,1
897,5212345678900897,852,VI701592,1,1,1,2014,1,2020,21380.0,2138.0,1
898,5212345678900898,385,MA498496,2,1,1,2014,1,2017,60096.0,6009.6,1
899,5212345678900899,842,VI372789,1,1,9,2014,9,2020,48110.0,4811.0,1
900,5212345678900900,441,VI359419,1,1,6,2014,6,2017,62472.0,6247.2,1
901,5212345678900901,496,AM105308,3,1,7,2014,7,2017,60518.0,6051.8,1
902,5212345678900902,280,VI242361,1,1,11,2014,11,2017,34152.0,3415.2,1
903,5212345678900903,892,MA182254,2,1,3,2014,3,2017,40512.0,4051.2,1
904,5212345678900904,172,VI770949,1,1,9,2014,9,2018,9492.0,949.2,1
905,5212345678900905,585,VI790865,1,1,3,2014,3,2018,60360.0,6036.0,1
906,5212345678900906,454,MA220469,2,1,9,2014,9,2018,64400.0,6440.0,1
907,5212345678900907,934,VI889212,1,1,7,2014,7,2019,58938.0,5893.8,1
908,5212345678900908,682,MA812666,2,1,7,2014,7,2019,9742.0,974.2,1
909,5212345678900909,174,AM788177,3,1,4,2014,4,2019,48102.0,4810.2,1
910,5212345678900910,266,VI736059,1,1,1,2014,1,2018,22680.0,2268.0,1
911,5212345678900911,980,VI266092,1,1,3,2014,3,2020,21570.0,2157.0,1
912,5212345678900912,538,VI252537,1,1,9,2014,9,2019,11866.0,1186.6,1
913,5212345678900913,215,AM996971,3,1,1,2014,1,2017,46670.0,4667.0,1
914,5212345678900914,146,MA810771,2,1,1,2014,1,2017,14006.0,1400.6,1
915,5212345678900915,907,VI793806,1,1,2,2014,2,2019,61474.0,6147.4,1
916,5212345678900916,667,MA907179,2,1,7,2014,7,2020,53720.0,5372.0,1
917,5212345678900917,660,VI278467,1,1,7,2014,7,2018,21788.0,2178.8,1
918,5212345678900918,200,VI289931,1,1,5,2014,5,2018,47538.0,4753.8,1
919,5212345678900919,145,AM529519,3,1,2,2014,2,2018,66252.0,6625.2,1
920,5212345678900920,333,VI280697,1,1,7,2014,7,2019,54786.0,5478.6,1
921,5212345678900921,686,VI820812,1,1,3,2014,3,2020,57178.0,5717.8,1
922,5212345678900922,708,VI672329,1,1,5,2014,5,2019,63694.0,6369.4,1
923,5212345678900923,880,MA796194,2,1,7,2014,7,2018,35682.0,3568.2,1
924,5212345678900924,894,AM819722,3,1,8,2014,8,2018,19772.0,1977.2,1
925,5212345678900925,119,AM623674,3,1,2,2014,2,2018,42398.0,4239.8,1
926,5212345678900926,783,AM684343,3,1,9,2014,9,2018,57906.0,5790.6,1
927,5212345678900927,693,AM654912,3,1,5,2014,5,2019,8832.0,883.2,1
928,5212345678900928,497,VI702185,1,1,5,2014,5,2020,38074.0,3807.4,1
929,5212345678900929,139,MA567422,2,1,10,2014,10,2018,32018.0,3201.8,1
930,5212345678900930,823,AM939271,3,1,6,2014,6,2017,61218.0,6121.8,1
931,5212345678900931,918,VI978056,1,1,11,2014,11,2020,54150.0,5415.0,1
932,5212345678900932,410,AM318519,3,1,8,2014,8,2018,59424.0,5942.4,1
933,5212345678900933,614,VI858361,1,1,4,2014,4,2020,12772.0,1277.2,1
934,5212345678900934,695,VI942144,1,1,9,2014,9,2017,40846.0,4084.6,1
935,5212345678900935,648,MA271391,2,1,4,2014,4,2019,11546.0,1154.6,1
936,5212345678900936,229,VI208016,1,1,11,2014,11,2018,19780.0,1978.0,1
937,5212345678900937,932,VI748740,1,1,7,2014,7,2019,40060.0,4006.0,1
938,5212345678900938,760,VI927318,1,1,3,2014,3,2018,53070.0,5307.0,1
939,5212345678900939,702,VI274930,1,1,6,2014,6,2020,39142.0,3914.2,1
940,5212345678900940,649,MA733031,2,1,6,2014,6,2018,45442.0,4544.2,1
941,5212345678900941,874,MA280192,2,1,8,2014,8,2020,50746.0,5074.6,1
942,5212345678900942,326,MA588198,2,1,2,2014,2,2020,48126.0,4812.6,1
943,5212345678900943,255,MA279923,2,1,3,2014,3,2019,45982.0,4598.2,1
944,5212345678900944,767,MA981645,2,1,2,2014,2,2017,55446.0,5544.6,1
945,5212345678900945,922,VI453620,1,1,1,2014,1,2018,37284.0,3728.4,1
946,5212345678900946,586,VI768417,1,1,11,2014,11,2017,48070.0,4807.0,1
947,5212345678900947,612,MA128066,2,1,1,2014,1,2017,56644.0,5664.4,1
948,5212345678900948,101,MA913022,2,1,2,2014,2,2017,59910.0,5991.0,1
949,5212345678900949,760,VI138406,1,1,4,2014,4,2018,50386.0,5038.6,1
950,5212345678900950,799,MA858230,2,1,8,2014,8,2017,62028.0,6202.8,1
951,5212345678900951,262,VI495318,1,1,3,2014,3,2019,29406.0,2940.6,1
952,5212345678900952,970,VI695403,1,1,2,2014,2,2020,30748.0,3074.8,1
953,5212345678900953,470,MA227491,2,1,11,2014,11,2020,34284.0,3428.4,1
954,5212345678900954,588,MA940784,2,1,11,2014,11,2017,53202.0,5320.2,1
955,5212345678900955,534,MA916051,2,1,1,2014,1,2017,39150.0,3915.0,1
956,5212345678900956,209,VI180678,1,1,6,2014,6,2020,58536.0,5853.6,1
957,5212345678900957,600,MA294881,2,1,3,2014,3,2018,47584.0,4758.4,1
958,5212345678900958,791,VI679290,1,1,9,2014,9,2017,59244.0,5924.4,1
959,5212345678900959,391,VI544138,1,1,2,2014,2,2020,10840.0,1084.0,1
960,5212345678900960,555,AM523785,3,1,11,2014,11,2018,50486.0,5048.6,1
961,5212345678900961,230,VI585327,1,1,6,2014,6,2019,24672.0,2467.2,1
962,5212345678900962,585,MA126173,2,1,12,2014,12,2017,26294.0,2629.4,1
963,5212345678900963,544,VI985526,1,1,3,2014,3,2017,21580.0,2158.0,1
964,5212345678900964,878,VI949430,1,1,12,2014,12,2020,13594.0,1359.4,1
965,5212345678900965,829,VI963493,1,1,7,2014,7,2018,48708.0,4870.8,1
966,5212345678900966,776,VI258375,1,1,4,2014,4,2017,61370.0,6137.0,1
967,5212345678900967,525,VI386223,1,1,5,2014,5,2019,15036.0,1503.6,1
968,5212345678900968,123,VI378277,1,1,9,2014,9,2019,27010.0,2701.0,1
969,5212345678900969,364,MA993848,2,1,6,2014,6,2018,20962.0,2096.2,1
970,5212345678900970,785,VI452561,1,1,1,2014,1,2019,53124.0,5312.4,1
971,5212345678900971,539,MA333366,2,1,7,2014,7,2017,47254.0,4725.4,1
972,5212345678900972,233,MA291578,2,1,9,2014,9,2017,30416.0,3041.6,1
973,5212345678900973,290,VI840888,1,1,2,2014,2,2018,31320.0,3132.0,1
974,5212345678900974,265,VI409736,1,1,10,2014,10,2017,65638.0,6563.8,1
975,5212345678900975,930,MA214101,2,1,4,2014,4,2017,25548.0,2554.8,1
976,5212345678900976,835,MA645618,2,1,5,2014,5,2017,7370.0,737.0,1
977,5212345678900977,370,VI834609,1,1,11,2014,11,2018,56734.0,5673.4,1
978,5212345678900978,899,MA319963,2,1,9,2014,9,2017,10890.0,1089.0,1
979,5212345678900979,399,VI608855,1,1,12,2014,12,2020,9896.0,989.6,1
980,5212345678900980,998,VI815118,1,1,5,2014,5,2019,31164.0,3116.4,1
981,5212345678900981,789,MA301890,2,1,2,2014,2,2018,54070.0,5407.0,1
982,5212345678900982,621,MA435184,2,1,6,2014,6,2019,51504.0,5150.4,1
983,5212345678900983,144,MA304963,2,1,11,2014,11,2018,64944.0,6494.4,1
984,5212345678900984,963,VI269042,1,1,9,2014,9,2017,19916.0,1991.6,1
985,5212345678900985,494,AM644147,3,1,4,2014,4,2017,57790.0,5779.0,1
986,5212345678900986,214,VI410975,1,1,9,2014,9,2018,61478.0,6147.8,1
987,5212345678900987,714,VI113956,1,1,3,2014,3,2020,58888.0,5888.8,1
988,5212345678900988,600,MA153024,2,1,4,2014,4,2019,65060.0,6506.0,1
989,5212345678900989,340,VI641766,1,1,8,2014,8,2018,20862.0,2086.2,1
990,5212345678900990,929,VI754341,1,1,5,2014,5,2019,30364.0,3036.4,1
991,5212345678900991,170,VI834880,1,1,2,2014,2,2018,40916.0,4091.6,1
992,5212345678900992,169,AM835021,3,1,11,2014,11,2017,9716.0,971.6,1
993,5212345678900993,459,AM576594,3,1,4,2014,4,2017,47488.0,4748.8,1
994,5212345678900994,809,VI620186,1,1,3,2014,3,2020,15182.0,1518.2,1
995,5212345678900995,496,VI789099,1,1,9,2014,9,2020,18988.0,1898.8,1
996,5212345678900996,836,VI990689,1,1,12,2014,12,2018,24658.0,2465.8,1
997,5212345678900997,327,VI364138,1,1,9,2014,9,2018,44216.0,4421.6,1
998,5212345678900998,128,MA814489,2,1,8,2014,8,2019,64244.0,6424.4,1
999,5212345678900999,154,MA471398,2,1,8,2014,8,2017,43726.0,4372.6,1
1000,5212345678901000,207,MA675253,2,1,12,2014,12,2017,46022.0,4602.2,1
1001,6571234567891001,777,SYNE1234,1,1,1,2001,12,2020,100000.0,1000.0,1
1002,6571234567891002,555,PRU1234,1,1,1,2001,12,2020,100000.0,1000.0,1
1003,6571234567891003,777,SHE1234,1,1,1,2001,12,2020,100000.0,1000.0,1
1004,6571234567891004,555,HYP1234,1,1,1,2001,12,2020,100000.0,1000.0,1
1005,6571234567891005,555,BLA1234,1,1,1,2001,12,2020,100000.0,1000.0,1
1006,6571234567891006,555,SUP1234,1,1,1,2001,12,2020,100000.0,1000.0,1
